2026-07-13 18:02:51.2001|INFO|Microsoft.EntityFrameworkCore.Database.Command|Executed DbCommand (4ms) [Parameters=[], CommandType='Text', CommandTimeout='30']
SELECT "t"."Value"
FROM (
    SELECT COUNT(1) AS Value FROM sqlite_master WHERE type='table' AND name='__EFMigrationsHistory'
) AS "t"
LIMIT 2
2026-07-13 18:02:51.2242|INFO|Microsoft.EntityFrameworkCore.Database.Command|Executed DbCommand (0ms) [Parameters=[], CommandType='Text', CommandTimeout='30']
SELECT "t"."Value"
FROM (
    SELECT COUNT(1) AS Value FROM sqlite_master WHERE type='table' AND name NOT LIKE 'sqlite_%' AND name <> '__EFMigrationsHistory'
) AS "t"
LIMIT 2
2026-07-13 18:02:51.2242|INFO|Microsoft.EntityFrameworkCore.Database.Command|Executed DbCommand (0ms) [Parameters=[], CommandType='Text', CommandTimeout='30']
SELECT "t"."Value"
FROM (
    SELECT COUNT(1) AS Value FROM sqlite_master WHERE type='table' AND name='__EFMigrationsHistory'
) AS "t"
LIMIT 2
2026-07-13 18:02:51.2242|INFO|Microsoft.EntityFrameworkCore.Database.Command|Executed DbCommand (0ms) [Parameters=[], CommandType='Text', CommandTimeout='30']
SELECT "t"."Value"
FROM (
    SELECT COUNT(1) AS Value FROM sqlite_master WHERE type='table' AND name='sync_state'
) AS "t"
LIMIT 2
2026-07-13 18:02:51.2309|INFO|Microsoft.EntityFrameworkCore.Database.Command|Executed DbCommand (0ms) [Parameters=[], CommandType='Text', CommandTimeout='30']
SELECT "t"."Value"
FROM (
    SELECT COUNT(1) AS Value FROM pragma_table_info('disziplin') WHERE name='updated_at_utc'
) AS "t"
LIMIT 2
2026-07-13 18:02:51.2309|INFO|Microsoft.EntityFrameworkCore.Database.Command|Executed DbCommand (0ms) [Parameters=[], CommandType='Text', CommandTimeout='30']
SELECT "t"."Value"
FROM (
    SELECT COUNT(1) AS Value FROM pragma_table_info('disziplin') WHERE name='is_deleted'
) AS "t"
LIMIT 2
2026-07-13 18:02:51.2309|INFO|Microsoft.EntityFrameworkCore.Database.Command|Executed DbCommand (0ms) [Parameters=[], CommandType='Text', CommandTimeout='30']
SELECT "t"."Value"
FROM (
    SELECT COUNT(1) AS Value FROM pragma_table_info('disziplin') WHERE name='deleted_at_utc'
) AS "t"
LIMIT 2
2026-07-13 18:02:51.2309|INFO|Microsoft.EntityFrameworkCore.Database.Command|Executed DbCommand (0ms) [Parameters=[], CommandType='Text', CommandTimeout='30']
SELECT "t"."Value"
FROM (
    SELECT COUNT(1) AS Value FROM pragma_table_info('vereine') WHERE name='updated_at_utc'
) AS "t"
LIMIT 2
2026-07-13 18:02:51.2309|INFO|Microsoft.EntityFrameworkCore.Database.Command|Executed DbCommand (0ms) [Parameters=[], CommandType='Text', CommandTimeout='30']
SELECT "t"."Value"
FROM (
    SELECT COUNT(1) AS Value FROM pragma_table_info('vereine') WHERE name='is_deleted'
) AS "t"
LIMIT 2
2026-07-13 18:02:51.2309|INFO|Microsoft.EntityFrameworkCore.Database.Command|Executed DbCommand (0ms) [Parameters=[], CommandType='Text', CommandTimeout='30']
SELECT "t"."Value"
FROM (
    SELECT COUNT(1) AS Value FROM pragma_table_info('vereine') WHERE name='deleted_at_utc'
) AS "t"
LIMIT 2
2026-07-13 18:02:51.2309|INFO|Microsoft.EntityFrameworkCore.Database.Command|Executed DbCommand (0ms) [Parameters=[], CommandType='Text', CommandTimeout='30']
SELECT "t"."Value"
FROM (
    SELECT COUNT(1) AS Value FROM pragma_table_info('wetter') WHERE name='updated_at_utc'
) AS "t"
LIMIT 2
2026-07-13 18:02:51.2309|INFO|Microsoft.EntityFrameworkCore.Database.Command|Executed DbCommand (0ms) [Parameters=[], CommandType='Text', CommandTimeout='30']
SELECT "t"."Value"
FROM (
    SELECT COUNT(1) AS Value FROM pragma_table_info('wetter') WHERE name='is_deleted'
) AS "t"
LIMIT 2
2026-07-13 18:02:51.2309|INFO|Microsoft.EntityFrameworkCore.Database.Command|Executed DbCommand (0ms) [Parameters=[], CommandType='Text', CommandTimeout='30']
SELECT "t"."Value"
FROM (
    SELECT COUNT(1) AS Value FROM pragma_table_info('wetter') WHERE name='deleted_at_utc'
) AS "t"
LIMIT 2
2026-07-13 18:02:51.2309|INFO|Microsoft.EntityFrameworkCore.Database.Command|Executed DbCommand (0ms) [Parameters=[], CommandType='Text', CommandTimeout='30']
SELECT "t"."Value"
FROM (
    SELECT COUNT(1) AS Value FROM pragma_table_info('fahrer') WHERE name='updated_at_utc'
) AS "t"
LIMIT 2
2026-07-13 18:02:51.2309|INFO|Microsoft.EntityFrameworkCore.Database.Command|Executed DbCommand (0ms) [Parameters=[], CommandType='Text', CommandTimeout='30']
SELECT "t"."Value"
FROM (
    SELECT COUNT(1) AS Value FROM pragma_table_info('fahrer') WHERE name='is_deleted'
) AS "t"
LIMIT 2
2026-07-13 18:02:51.2309|INFO|Microsoft.EntityFrameworkCore.Database.Command|Executed DbCommand (0ms) [Parameters=[], CommandType='Text', CommandTimeout='30']
SELECT "t"."Value"
FROM (
    SELECT COUNT(1) AS Value FROM pragma_table_info('fahrer') WHERE name='deleted_at_utc'
) AS "t"
LIMIT 2
2026-07-13 18:02:51.2309|INFO|Microsoft.EntityFrameworkCore.Database.Command|Executed DbCommand (0ms) [Parameters=[], CommandType='Text', CommandTimeout='30']
SELECT "t"."Value"
FROM (
    SELECT COUNT(1) AS Value FROM pragma_table_info('training') WHERE name='updated_at_utc'
) AS "t"
LIMIT 2
2026-07-13 18:02:51.2309|INFO|Microsoft.EntityFrameworkCore.Database.Command|Executed DbCommand (0ms) [Parameters=[], CommandType='Text', CommandTimeout='30']
SELECT "t"."Value"
FROM (
    SELECT COUNT(1) AS Value FROM pragma_table_info('training') WHERE name='is_deleted'
) AS "t"
LIMIT 2
2026-07-13 18:02:51.2434|INFO|Microsoft.EntityFrameworkCore.Database.Command|Executed DbCommand (0ms) [Parameters=[], CommandType='Text', CommandTimeout='30']
SELECT "t"."Value"
FROM (
    SELECT COUNT(1) AS Value FROM pragma_table_info('training') WHERE name='deleted_at_utc'
) AS "t"
LIMIT 2
2026-07-13 18:02:51.2434|INFO|Microsoft.EntityFrameworkCore.Database.Command|Executed DbCommand (0ms) [Parameters=[], CommandType='Text', CommandTimeout='30']
SELECT "t"."Value"
FROM (
    SELECT COUNT(1) AS Value FROM pragma_table_info('karts') WHERE name='updated_at_utc'
) AS "t"
LIMIT 2
2026-07-13 18:02:51.2434|INFO|Microsoft.EntityFrameworkCore.Database.Command|Executed DbCommand (0ms) [Parameters=[], CommandType='Text', CommandTimeout='30']
SELECT "t"."Value"
FROM (
    SELECT COUNT(1) AS Value FROM pragma_table_info('karts') WHERE name='is_deleted'
) AS "t"
LIMIT 2
2026-07-13 18:02:51.2434|INFO|Microsoft.EntityFrameworkCore.Database.Command|Executed DbCommand (0ms) [Parameters=[], CommandType='Text', CommandTimeout='30']
SELECT "t"."Value"
FROM (
    SELECT COUNT(1) AS Value FROM pragma_table_info('karts') WHERE name='deleted_at_utc'
) AS "t"
LIMIT 2
2026-07-13 18:02:51.2434|INFO|Microsoft.EntityFrameworkCore.Database.Command|Executed DbCommand (0ms) [Parameters=[], CommandType='Text', CommandTimeout='30']
SELECT "t"."Value"
FROM (
    SELECT COUNT(1) AS Value FROM pragma_table_info('tstints') WHERE name='updated_at_utc'
) AS "t"
LIMIT 2
2026-07-13 18:02:51.2434|INFO|Microsoft.EntityFrameworkCore.Database.Command|Executed DbCommand (0ms) [Parameters=[], CommandType='Text', CommandTimeout='30']
SELECT "t"."Value"
FROM (
    SELECT COUNT(1) AS Value FROM pragma_table_info('tstints') WHERE name='is_deleted'
) AS "t"
LIMIT 2
2026-07-13 18:02:51.2434|INFO|Microsoft.EntityFrameworkCore.Database.Command|Executed DbCommand (0ms) [Parameters=[], CommandType='Text', CommandTimeout='30']
SELECT "t"."Value"
FROM (
    SELECT COUNT(1) AS Value FROM pragma_table_info('tstints') WHERE name='deleted_at_utc'
) AS "t"
LIMIT 2
2026-07-13 18:02:51.2434|INFO|Microsoft.EntityFrameworkCore.Database.Command|Executed DbCommand (0ms) [Parameters=[], CommandType='Text', CommandTimeout='30']
SELECT "t"."Value"
FROM (
    SELECT COUNT(1) AS Value FROM pragma_table_info('fahrer_im_training') WHERE name='updated_at_utc'
) AS "t"
LIMIT 2
2026-07-13 18:02:51.2434|INFO|Microsoft.EntityFrameworkCore.Database.Command|Executed DbCommand (0ms) [Parameters=[], CommandType='Text', CommandTimeout='30']
SELECT "t"."Value"
FROM (
    SELECT COUNT(1) AS Value FROM pragma_table_info('fahrer_im_training') WHERE name='is_deleted'
) AS "t"
LIMIT 2
2026-07-13 18:02:51.2434|INFO|Microsoft.EntityFrameworkCore.Database.Command|Executed DbCommand (0ms) [Parameters=[], CommandType='Text', CommandTimeout='30']
SELECT "t"."Value"
FROM (
    SELECT COUNT(1) AS Value FROM pragma_table_info('fahrer_im_training') WHERE name='deleted_at_utc'
) AS "t"
LIMIT 2
2026-07-13 18:02:51.2434|INFO|Microsoft.EntityFrameworkCore.Database.Command|Executed DbCommand (0ms) [Parameters=[], CommandType='Text', CommandTimeout='30']
SELECT "t"."Value"
FROM (
    SELECT COUNT(1) AS Value FROM pragma_table_info('trunden') WHERE name='updated_at_utc'
) AS "t"
LIMIT 2
2026-07-13 18:02:51.2434|INFO|Microsoft.EntityFrameworkCore.Database.Command|Executed DbCommand (0ms) [Parameters=[], CommandType='Text', CommandTimeout='30']
SELECT "t"."Value"
FROM (
    SELECT COUNT(1) AS Value FROM pragma_table_info('trunden') WHERE name='is_deleted'
) AS "t"
LIMIT 2
2026-07-13 18:02:51.2434|INFO|Microsoft.EntityFrameworkCore.Database.Command|Executed DbCommand (0ms) [Parameters=[], CommandType='Text', CommandTimeout='30']
SELECT "t"."Value"
FROM (
    SELECT COUNT(1) AS Value FROM pragma_table_info('trunden') WHERE name='deleted_at_utc'
) AS "t"
LIMIT 2
2026-07-13 18:02:51.2598|INFO|Microsoft.EntityFrameworkCore.Database.Command|Executed DbCommand (1ms) [Parameters=[], CommandType='Text', CommandTimeout='30']
SELECT COUNT(*) FROM "sqlite_master" WHERE "name" = '__EFMigrationsHistory' AND "type" = 'table';
2026-07-13 18:02:51.2941|INFO|Microsoft.EntityFrameworkCore.Database.Command|Executed DbCommand (5ms) [Parameters=[], CommandType='Text', CommandTimeout='30']
CREATE TABLE "__EFMigrationsHistory" (
    "MigrationId" TEXT NOT NULL CONSTRAINT "PK___EFMigrationsHistory" PRIMARY KEY,
    "ProductVersion" TEXT NOT NULL
);
2026-07-13 18:02:51.2941|INFO|Microsoft.EntityFrameworkCore.Database.Command|Executed DbCommand (0ms) [Parameters=[], CommandType='Text', CommandTimeout='30']
SELECT COUNT(*) FROM "sqlite_master" WHERE "name" = '__EFMigrationsHistory' AND "type" = 'table';
2026-07-13 18:02:51.2941|INFO|Microsoft.EntityFrameworkCore.Database.Command|Executed DbCommand (0ms) [Parameters=[], CommandType='Text', CommandTimeout='30']
SELECT "MigrationId", "ProductVersion"
FROM "__EFMigrationsHistory"
ORDER BY "MigrationId";
2026-07-13 18:02:51.2941|INFO|Microsoft.EntityFrameworkCore.Migrations|Applying migration '20260713092632_SqliteInitialCreate'.
2026-07-13 18:02:51.3267|INFO|Microsoft.EntityFrameworkCore.Database.Command|Executed DbCommand (1ms) [Parameters=[], CommandType='Text', CommandTimeout='30']
CREATE TABLE "disziplin" (
    "id" INTEGER NOT NULL CONSTRAINT "PK_disziplin" PRIMARY KEY AUTOINCREMENT,
    "disziplin" TEXT NOT NULL
);
2026-07-13 18:02:51.3267|INFO|Microsoft.EntityFrameworkCore.Database.Command|Executed DbCommand (0ms) [Parameters=[], CommandType='Text', CommandTimeout='30']
CREATE TABLE "vereine" (
    "id" INTEGER NOT NULL CONSTRAINT "PK_vereine" PRIMARY KEY AUTOINCREMENT,
    "vereinsname" TEXT NOT NULL DEFAULT '',
    "mitglieds_nummer" TEXT NOT NULL DEFAULT ''
);
2026-07-13 18:02:51.3267|INFO|Microsoft.EntityFrameworkCore.Database.Command|Executed DbCommand (0ms) [Parameters=[], CommandType='Text', CommandTimeout='30']
CREATE TABLE "wetter" (
    "id" INTEGER NOT NULL CONSTRAINT "PK_wetter" PRIMARY KEY AUTOINCREMENT,
    "wetter" TEXT NOT NULL
);
2026-07-13 18:02:51.3267|INFO|Microsoft.EntityFrameworkCore.Database.Command|Executed DbCommand (0ms) [Parameters=[], CommandType='Text', CommandTimeout='30']
CREATE TABLE "fahrer" (
    "id" INTEGER NOT NULL CONSTRAINT "PK_fahrer" PRIMARY KEY AUTOINCREMENT,
    "fk_id_verein" INTEGER NOT NULL,
    "vorname" TEXT NOT NULL,
    "nachname" TEXT NULL,
    CONSTRAINT "FK_fahrer_vereine" FOREIGN KEY ("fk_id_verein") REFERENCES "vereine" ("id") ON DELETE RESTRICT
);
2026-07-13 18:02:51.3267|INFO|Microsoft.EntityFrameworkCore.Database.Command|Executed DbCommand (0ms) [Parameters=[], CommandType='Text', CommandTimeout='30']
CREATE TABLE "karts" (
    "id" INTEGER NOT NULL CONSTRAINT "PK_karts" PRIMARY KEY AUTOINCREMENT,
    "fk_id_verein" INTEGER NOT NULL,
    "fk_id_disziplin" INTEGER NOT NULL,
    "Name" TEXT NULL,
    "Motor" TEXT NULL,
    "Chassis" TEXT NULL,
    CONSTRAINT "FK_karts_disziplin" FOREIGN KEY ("fk_id_disziplin") REFERENCES "disziplin" ("id") ON DELETE RESTRICT,
    CONSTRAINT "FK_karts_vereine" FOREIGN KEY ("fk_id_verein") REFERENCES "vereine" ("id") ON DELETE RESTRICT
);
2026-07-13 18:02:51.3267|INFO|Microsoft.EntityFrameworkCore.Database.Command|Executed DbCommand (0ms) [Parameters=[], CommandType='Text', CommandTimeout='30']
CREATE TABLE "training" (
    "id" INTEGER NOT NULL CONSTRAINT "PK_training" PRIMARY KEY AUTOINCREMENT,
    "fk_id_verein" INTEGER NOT NULL,
    "fk_id_disziplin" INTEGER NOT NULL,
    "fk_id_wetter" INTEGER NOT NULL,
    "name" TEXT NOT NULL,
    "beschreibung" TEXT NOT NULL,
    "zeitpunkt" date NOT NULL,
    CONSTRAINT "FK_training_disziplin" FOREIGN KEY ("fk_id_disziplin") REFERENCES "disziplin" ("id") ON DELETE RESTRICT,
    CONSTRAINT "FK_training_vereine" FOREIGN KEY ("fk_id_verein") REFERENCES "vereine" ("id") ON DELETE RESTRICT,
    CONSTRAINT "FK_training_wetter" FOREIGN KEY ("fk_id_wetter") REFERENCES "wetter" ("id") ON DELETE RESTRICT
);
2026-07-13 18:02:51.3267|INFO|Microsoft.EntityFrameworkCore.Database.Command|Executed DbCommand (0ms) [Parameters=[], CommandType='Text', CommandTimeout='30']
CREATE TABLE "fahrer_im_training" (
    "fk_id_training" INTEGER NOT NULL,
    "fk_id_fahrer" INTEGER NOT NULL,
    CONSTRAINT "PK_fahrer_im_training" PRIMARY KEY ("fk_id_training", "fk_id_fahrer"),
    CONSTRAINT "FK_fahrer_im_training_fahrer" FOREIGN KEY ("fk_id_fahrer") REFERENCES "fahrer" ("id") ON DELETE RESTRICT,
    CONSTRAINT "FK_fahrer_im_training_training" FOREIGN KEY ("fk_id_training") REFERENCES "training" ("id") ON DELETE RESTRICT
);
2026-07-13 18:02:51.3267|INFO|Microsoft.EntityFrameworkCore.Database.Command|Executed DbCommand (0ms) [Parameters=[], CommandType='Text', CommandTimeout='30']
CREATE TABLE "tstints" (
    "id" INTEGER NOT NULL CONSTRAINT "PK_tstints" PRIMARY KEY AUTOINCREMENT,
    "fk_id_training" INTEGER NOT NULL,
    "fk_id_fahrer" INTEGER NOT NULL,
    "datum" datetime NOT NULL,
    CONSTRAINT "FK_tstints_fahrer" FOREIGN KEY ("fk_id_fahrer") REFERENCES "fahrer" ("id") ON DELETE RESTRICT,
    CONSTRAINT "FK_tstints_training" FOREIGN KEY ("fk_id_training") REFERENCES "training" ("id") ON DELETE RESTRICT
);
2026-07-13 18:02:51.3267|INFO|Microsoft.EntityFrameworkCore.Database.Command|Executed DbCommand (0ms) [Parameters=[], CommandType='Text', CommandTimeout='30']
CREATE TABLE "trunden" (
    "id" INTEGER NOT NULL CONSTRAINT "PK_trunden" PRIMARY KEY AUTOINCREMENT,
    "fk_id_tstint" INTEGER NULL,
    "runde" INTEGER NULL,
    "rundenzeit" REAL NULL,
    "pf" INTEGER NULL,
    "tf" INTEGER NULL,
    CONSTRAINT "FK_trunden_tstints" FOREIGN KEY ("fk_id_tstint") REFERENCES "tstints" ("id") ON DELETE RESTRICT
);
2026-07-13 18:02:51.3267|INFO|Microsoft.EntityFrameworkCore.Database.Command|Executed DbCommand (0ms) [Parameters=[], CommandType='Text', CommandTimeout='30']
CREATE INDEX "IX_fahrer_fk_id_verein" ON "fahrer" ("fk_id_verein");
2026-07-13 18:02:51.3267|INFO|Microsoft.EntityFrameworkCore.Database.Command|Executed DbCommand (0ms) [Parameters=[], CommandType='Text', CommandTimeout='30']
CREATE INDEX "IX_fahrer_im_training_fk_id_fahrer" ON "fahrer_im_training" ("fk_id_fahrer");
2026-07-13 18:02:51.3267|INFO|Microsoft.EntityFrameworkCore.Database.Command|Executed DbCommand (0ms) [Parameters=[], CommandType='Text', CommandTimeout='30']
CREATE INDEX "IX_karts_fk_id_disziplin" ON "karts" ("fk_id_disziplin");
2026-07-13 18:02:51.3267|INFO|Microsoft.EntityFrameworkCore.Database.Command|Executed DbCommand (0ms) [Parameters=[], CommandType='Text', CommandTimeout='30']
CREATE INDEX "IX_karts_fk_id_verein" ON "karts" ("fk_id_verein");
2026-07-13 18:02:51.3267|INFO|Microsoft.EntityFrameworkCore.Database.Command|Executed DbCommand (0ms) [Parameters=[], CommandType='Text', CommandTimeout='30']
CREATE INDEX "IX_training_fk_id_disziplin" ON "training" ("fk_id_disziplin");
2026-07-13 18:02:51.3267|INFO|Microsoft.EntityFrameworkCore.Database.Command|Executed DbCommand (0ms) [Parameters=[], CommandType='Text', CommandTimeout='30']
CREATE INDEX "IX_training_fk_id_verein" ON "training" ("fk_id_verein");
2026-07-13 18:02:51.3267|INFO|Microsoft.EntityFrameworkCore.Database.Command|Executed DbCommand (0ms) [Parameters=[], CommandType='Text', CommandTimeout='30']
CREATE INDEX "IX_training_fk_id_wetter" ON "training" ("fk_id_wetter");
2026-07-13 18:02:51.3267|INFO|Microsoft.EntityFrameworkCore.Database.Command|Executed DbCommand (0ms) [Parameters=[], CommandType='Text', CommandTimeout='30']
CREATE INDEX "IX_trunden_fk_id_tstint" ON "trunden" ("fk_id_tstint");
2026-07-13 18:02:51.3267|INFO|Microsoft.EntityFrameworkCore.Database.Command|Executed DbCommand (0ms) [Parameters=[], CommandType='Text', CommandTimeout='30']
CREATE INDEX "IX_tstints_fk_id_fahrer" ON "tstints" ("fk_id_fahrer");
2026-07-13 18:02:51.3267|INFO|Microsoft.EntityFrameworkCore.Database.Command|Executed DbCommand (0ms) [Parameters=[], CommandType='Text', CommandTimeout='30']
CREATE INDEX "IX_tstints_fk_id_training" ON "tstints" ("fk_id_training");
2026-07-13 18:02:51.3267|INFO|Microsoft.EntityFrameworkCore.Database.Command|Executed DbCommand (0ms) [Parameters=[], CommandType='Text', CommandTimeout='30']
INSERT INTO "__EFMigrationsHistory" ("MigrationId", "ProductVersion")
VALUES ('20260713092632_SqliteInitialCreate', '8.0.2');
2026-07-13 18:02:51.3267|INFO|Microsoft.EntityFrameworkCore.Migrations|Applying migration '20260713101347_AddFahrerGeburtsdatumSqlite'.
2026-07-13 18:02:51.3392|INFO|Microsoft.EntityFrameworkCore.Database.Command|Executed DbCommand (1ms) [Parameters=[], CommandType='Text', CommandTimeout='30']
ALTER TABLE "fahrer" ADD "geburtsdatum" date NULL;
2026-07-13 18:02:51.3392|INFO|Microsoft.EntityFrameworkCore.Database.Command|Executed DbCommand (0ms) [Parameters=[], CommandType='Text', CommandTimeout='30']
INSERT INTO "__EFMigrationsHistory" ("MigrationId", "ProductVersion")
VALUES ('20260713101347_AddFahrerGeburtsdatumSqlite', '8.0.2');
2026-07-13 18:02:51.3392|INFO|Microsoft.EntityFrameworkCore.Migrations|Applying migration '20260713103700_AddBidirectionalSyncMetadataSqlite'.
2026-07-13 18:02:51.3392|INFO|Microsoft.EntityFrameworkCore.Database.Command|Executed DbCommand (1ms) [Parameters=[], CommandType='Text', CommandTimeout='30']
ALTER TABLE "wetter" ADD "deleted_at_utc" datetime NULL;
2026-07-13 18:02:51.3392|INFO|Microsoft.EntityFrameworkCore.Database.Command|Executed DbCommand (0ms) [Parameters=[], CommandType='Text', CommandTimeout='30']
ALTER TABLE "wetter" ADD "is_deleted" INTEGER NOT NULL DEFAULT 0;
2026-07-13 18:02:51.3392|INFO|Microsoft.EntityFrameworkCore.Database.Command|Executed DbCommand (0ms) [Parameters=[], CommandType='Text', CommandTimeout='30']
ALTER TABLE "wetter" ADD "updated_at_utc" datetime NOT NULL DEFAULT ('1970-01-01 00:00:00');
2026-07-13 18:02:51.3392|INFO|Microsoft.EntityFrameworkCore.Database.Command|Executed DbCommand (0ms) [Parameters=[], CommandType='Text', CommandTimeout='30']
ALTER TABLE "vereine" ADD "deleted_at_utc" datetime NULL;
2026-07-13 18:02:51.3392|INFO|Microsoft.EntityFrameworkCore.Database.Command|Executed DbCommand (0ms) [Parameters=[], CommandType='Text', CommandTimeout='30']
ALTER TABLE "vereine" ADD "is_deleted" INTEGER NOT NULL DEFAULT 0;
2026-07-13 18:02:51.3392|INFO|Microsoft.EntityFrameworkCore.Database.Command|Executed DbCommand (0ms) [Parameters=[], CommandType='Text', CommandTimeout='30']
ALTER TABLE "vereine" ADD "updated_at_utc" datetime NOT NULL DEFAULT ('1970-01-01 00:00:00');
2026-07-13 18:02:51.3392|INFO|Microsoft.EntityFrameworkCore.Database.Command|Executed DbCommand (0ms) [Parameters=[], CommandType='Text', CommandTimeout='30']
ALTER TABLE "tstints" ADD "deleted_at_utc" datetime NULL;
2026-07-13 18:02:51.3392|INFO|Microsoft.EntityFrameworkCore.Database.Command|Executed DbCommand (0ms) [Parameters=[], CommandType='Text', CommandTimeout='30']
ALTER TABLE "tstints" ADD "is_deleted" INTEGER NOT NULL DEFAULT 0;
2026-07-13 18:02:51.3392|INFO|Microsoft.EntityFrameworkCore.Database.Command|Executed DbCommand (0ms) [Parameters=[], CommandType='Text', CommandTimeout='30']
ALTER TABLE "tstints" ADD "updated_at_utc" datetime NOT NULL DEFAULT ('1970-01-01 00:00:00');
2026-07-13 18:02:51.3392|INFO|Microsoft.EntityFrameworkCore.Database.Command|Executed DbCommand (0ms) [Parameters=[], CommandType='Text', CommandTimeout='30']
ALTER TABLE "trunden" ADD "deleted_at_utc" datetime NULL;
2026-07-13 18:02:51.3392|INFO|Microsoft.EntityFrameworkCore.Database.Command|Executed DbCommand (0ms) [Parameters=[], CommandType='Text', CommandTimeout='30']
ALTER TABLE "trunden" ADD "is_deleted" INTEGER NOT NULL DEFAULT 0;
2026-07-13 18:02:51.3392|INFO|Microsoft.EntityFrameworkCore.Database.Command|Executed DbCommand (0ms) [Parameters=[], CommandType='Text', CommandTimeout='30']
ALTER TABLE "trunden" ADD "updated_at_utc" datetime NOT NULL DEFAULT ('1970-01-01 00:00:00');
2026-07-13 18:02:51.3392|INFO|Microsoft.EntityFrameworkCore.Database.Command|Executed DbCommand (0ms) [Parameters=[], CommandType='Text', CommandTimeout='30']
ALTER TABLE "training" ADD "deleted_at_utc" datetime NULL;
2026-07-13 18:02:51.3392|INFO|Microsoft.EntityFrameworkCore.Database.Command|Executed DbCommand (0ms) [Parameters=[], CommandType='Text', CommandTimeout='30']
ALTER TABLE "training" ADD "is_deleted" INTEGER NOT NULL DEFAULT 0;
2026-07-13 18:02:51.3392|INFO|Microsoft.EntityFrameworkCore.Database.Command|Executed DbCommand (0ms) [Parameters=[], CommandType='Text', CommandTimeout='30']
ALTER TABLE "training" ADD "updated_at_utc" datetime NOT NULL DEFAULT ('1970-01-01 00:00:00');
2026-07-13 18:02:51.3392|INFO|Microsoft.EntityFrameworkCore.Database.Command|Executed DbCommand (0ms) [Parameters=[], CommandType='Text', CommandTimeout='30']
ALTER TABLE "karts" ADD "deleted_at_utc" datetime NULL;
2026-07-13 18:02:51.3392|INFO|Microsoft.EntityFrameworkCore.Database.Command|Executed DbCommand (0ms) [Parameters=[], CommandType='Text', CommandTimeout='30']
ALTER TABLE "karts" ADD "is_deleted" INTEGER NOT NULL DEFAULT 0;
2026-07-13 18:02:51.3392|INFO|Microsoft.EntityFrameworkCore.Database.Command|Executed DbCommand (0ms) [Parameters=[], CommandType='Text', CommandTimeout='30']
ALTER TABLE "karts" ADD "updated_at_utc" datetime NOT NULL DEFAULT ('1970-01-01 00:00:00');
2026-07-13 18:02:51.3392|INFO|Microsoft.EntityFrameworkCore.Database.Command|Executed DbCommand (0ms) [Parameters=[], CommandType='Text', CommandTimeout='30']
ALTER TABLE "fahrer_im_training" ADD "deleted_at_utc" datetime NULL;
2026-07-13 18:02:51.3392|INFO|Microsoft.EntityFrameworkCore.Database.Command|Executed DbCommand (0ms) [Parameters=[], CommandType='Text', CommandTimeout='30']
ALTER TABLE "fahrer_im_training" ADD "is_deleted" INTEGER NOT NULL DEFAULT 0;
2026-07-13 18:02:51.3392|INFO|Microsoft.EntityFrameworkCore.Database.Command|Executed DbCommand (0ms) [Parameters=[], CommandType='Text', CommandTimeout='30']
ALTER TABLE "fahrer_im_training" ADD "updated_at_utc" datetime NOT NULL DEFAULT ('1970-01-01 00:00:00');
2026-07-13 18:02:51.3392|INFO|Microsoft.EntityFrameworkCore.Database.Command|Executed DbCommand (0ms) [Parameters=[], CommandType='Text', CommandTimeout='30']
ALTER TABLE "fahrer" ADD "deleted_at_utc" datetime NULL;
2026-07-13 18:02:51.3392|INFO|Microsoft.EntityFrameworkCore.Database.Command|Executed DbCommand (0ms) [Parameters=[], CommandType='Text', CommandTimeout='30']
ALTER TABLE "fahrer" ADD "is_deleted" INTEGER NOT NULL DEFAULT 0;
2026-07-13 18:02:51.3392|INFO|Microsoft.EntityFrameworkCore.Database.Command|Executed DbCommand (0ms) [Parameters=[], CommandType='Text', CommandTimeout='30']
ALTER TABLE "fahrer" ADD "updated_at_utc" datetime NOT NULL DEFAULT ('1970-01-01 00:00:00');
2026-07-13 18:02:51.3392|INFO|Microsoft.EntityFrameworkCore.Database.Command|Executed DbCommand (0ms) [Parameters=[], CommandType='Text', CommandTimeout='30']
ALTER TABLE "disziplin" ADD "deleted_at_utc" datetime NULL;
2026-07-13 18:02:51.3392|INFO|Microsoft.EntityFrameworkCore.Database.Command|Executed DbCommand (0ms) [Parameters=[], CommandType='Text', CommandTimeout='30']
ALTER TABLE "disziplin" ADD "is_deleted" INTEGER NOT NULL DEFAULT 0;
2026-07-13 18:02:51.3392|INFO|Microsoft.EntityFrameworkCore.Database.Command|Executed DbCommand (0ms) [Parameters=[], CommandType='Text', CommandTimeout='30']
ALTER TABLE "disziplin" ADD "updated_at_utc" datetime NOT NULL DEFAULT ('1970-01-01 00:00:00');
2026-07-13 18:02:51.3392|INFO|Microsoft.EntityFrameworkCore.Database.Command|Executed DbCommand (0ms) [Parameters=[], CommandType='Text', CommandTimeout='30']
UPDATE wetter SET updated_at_utc = CURRENT_TIMESTAMP WHERE updated_at_utc = '1970-01-01 00:00:00';
2026-07-13 18:02:51.3392|INFO|Microsoft.EntityFrameworkCore.Database.Command|Executed DbCommand (0ms) [Parameters=[], CommandType='Text', CommandTimeout='30']
UPDATE vereine SET updated_at_utc = CURRENT_TIMESTAMP WHERE updated_at_utc = '1970-01-01 00:00:00';
2026-07-13 18:02:51.3392|INFO|Microsoft.EntityFrameworkCore.Database.Command|Executed DbCommand (0ms) [Parameters=[], CommandType='Text', CommandTimeout='30']
UPDATE tstints SET updated_at_utc = CURRENT_TIMESTAMP WHERE updated_at_utc = '1970-01-01 00:00:00';
2026-07-13 18:02:51.3392|INFO|Microsoft.EntityFrameworkCore.Database.Command|Executed DbCommand (0ms) [Parameters=[], CommandType='Text', CommandTimeout='30']
UPDATE trunden SET updated_at_utc = CURRENT_TIMESTAMP WHERE updated_at_utc = '1970-01-01 00:00:00';
2026-07-13 18:02:51.3392|INFO|Microsoft.EntityFrameworkCore.Database.Command|Executed DbCommand (0ms) [Parameters=[], CommandType='Text', CommandTimeout='30']
UPDATE training SET updated_at_utc = CURRENT_TIMESTAMP WHERE updated_at_utc = '1970-01-01 00:00:00';
2026-07-13 18:02:51.3392|INFO|Microsoft.EntityFrameworkCore.Database.Command|Executed DbCommand (0ms) [Parameters=[], CommandType='Text', CommandTimeout='30']
UPDATE karts SET updated_at_utc = CURRENT_TIMESTAMP WHERE updated_at_utc = '1970-01-01 00:00:00';
2026-07-13 18:02:51.3392|INFO|Microsoft.EntityFrameworkCore.Database.Command|Executed DbCommand (0ms) [Parameters=[], CommandType='Text', CommandTimeout='30']
UPDATE fahrer_im_training SET updated_at_utc = CURRENT_TIMESTAMP WHERE updated_at_utc = '1970-01-01 00:00:00';
2026-07-13 18:02:51.3392|INFO|Microsoft.EntityFrameworkCore.Database.Command|Executed DbCommand (0ms) [Parameters=[], CommandType='Text', CommandTimeout='30']
UPDATE fahrer SET updated_at_utc = CURRENT_TIMESTAMP WHERE updated_at_utc = '1970-01-01 00:00:00';
2026-07-13 18:02:51.3392|INFO|Microsoft.EntityFrameworkCore.Database.Command|Executed DbCommand (0ms) [Parameters=[], CommandType='Text', CommandTimeout='30']
UPDATE disziplin SET updated_at_utc = CURRENT_TIMESTAMP WHERE updated_at_utc = '1970-01-01 00:00:00';
2026-07-13 18:02:51.3392|INFO|Microsoft.EntityFrameworkCore.Database.Command|Executed DbCommand (0ms) [Parameters=[], CommandType='Text', CommandTimeout='30']
CREATE TABLE "sync_state" (
    "id" TEXT NOT NULL CONSTRAINT "PK_sync_state" PRIMARY KEY,
    "last_sync_utc" datetime NOT NULL
);
2026-07-13 18:02:51.3392|INFO|Microsoft.EntityFrameworkCore.Database.Command|Executed DbCommand (0ms) [Parameters=[], CommandType='Text', CommandTimeout='30']
INSERT INTO "__EFMigrationsHistory" ("MigrationId", "ProductVersion")
VALUES ('20260713103700_AddBidirectionalSyncMetadataSqlite', '8.0.2');
2026-07-13 18:02:51.3558|INFO|Microsoft.EntityFrameworkCore.Migrations|Applying migration '20260713114138_AddTrainingAbgeschlossenSqlite'.
2026-07-13 18:02:51.3558|INFO|Microsoft.EntityFrameworkCore.Database.Command|Executed DbCommand (1ms) [Parameters=[], CommandType='Text', CommandTimeout='30']
ALTER TABLE "training" ADD "training_abgeschlossen" INTEGER NOT NULL DEFAULT 0;
2026-07-13 18:02:51.3558|INFO|Microsoft.EntityFrameworkCore.Database.Command|Executed DbCommand (0ms) [Parameters=[], CommandType='Text', CommandTimeout='30']
INSERT INTO "__EFMigrationsHistory" ("MigrationId", "ProductVersion")
VALUES ('20260713114138_AddTrainingAbgeschlossenSqlite', '8.0.2');
2026-07-13 18:02:51.3558|INFO|Microsoft.EntityFrameworkCore.Migrations|Applying migration '20260713133125_AddFahrerImTrainingReihenfolgeSqlite'.
2026-07-13 18:02:51.3703|INFO|Microsoft.EntityFrameworkCore.Database.Command|Executed DbCommand (1ms) [Parameters=[], CommandType='Text', CommandTimeout='30']
ALTER TABLE "fahrer_im_training" ADD "reihenfolge" INTEGER NOT NULL DEFAULT 0;
2026-07-13 18:02:51.3703|INFO|Microsoft.EntityFrameworkCore.Database.Command|Executed DbCommand (0ms) [Parameters=[], CommandType='Text', CommandTimeout='30']
INSERT INTO "__EFMigrationsHistory" ("MigrationId", "ProductVersion")
VALUES ('20260713133125_AddFahrerImTrainingReihenfolgeSqlite', '8.0.2');
2026-07-13 18:02:51.3703|INFO|Microsoft.EntityFrameworkCore.Migrations|Applying migration '20260713144836_AddDisziplinZeitstrafenSqlite'.
2026-07-13 18:02:51.3703|INFO|Microsoft.EntityFrameworkCore.Database.Command|Executed DbCommand (1ms) [Parameters=[], CommandType='Text', CommandTimeout='30']
ALTER TABLE "disziplin" ADD "pf" REAL NOT NULL DEFAULT 0.0;
2026-07-13 18:02:51.3703|INFO|Microsoft.EntityFrameworkCore.Database.Command|Executed DbCommand (0ms) [Parameters=[], CommandType='Text', CommandTimeout='30']
ALTER TABLE "disziplin" ADD "tf" REAL NOT NULL DEFAULT 0.0;
2026-07-13 18:02:51.3703|INFO|Microsoft.EntityFrameworkCore.Database.Command|Executed DbCommand (0ms) [Parameters=[], CommandType='Text', CommandTimeout='30']
INSERT INTO "__EFMigrationsHistory" ("MigrationId", "ProductVersion")
VALUES ('20260713144836_AddDisziplinZeitstrafenSqlite', '8.0.2');
2026-07-13 18:02:51.3703|INFO|Microsoft.EntityFrameworkCore.Migrations|Applying migration '20260713150038_AddTrundeUngueltigSqlite'.
2026-07-13 18:02:51.3892|INFO|Microsoft.EntityFrameworkCore.Database.Command|Executed DbCommand (1ms) [Parameters=[], CommandType='Text', CommandTimeout='30']
ALTER TABLE "trunden" ADD "ungueltig" INTEGER NOT NULL DEFAULT 0;
2026-07-13 18:02:51.3892|INFO|Microsoft.EntityFrameworkCore.Database.Command|Executed DbCommand (0ms) [Parameters=[], CommandType='Text', CommandTimeout='30']
INSERT INTO "__EFMigrationsHistory" ("MigrationId", "ProductVersion")
VALUES ('20260713150038_AddTrundeUngueltigSqlite', '8.0.2');
2026-07-13 18:02:51.3892|INFO|Microsoft.EntityFrameworkCore.Migrations|Applying migration '20260713150844_AddTstintKartIdSqlite'.
2026-07-13 18:02:51.4015|INFO|Microsoft.EntityFrameworkCore.Database.Command|Executed DbCommand (1ms) [Parameters=[], CommandType='Text', CommandTimeout='30']
ALTER TABLE "tstints" ADD "fk_id_kart" INTEGER NULL;
2026-07-13 18:02:51.4015|INFO|Microsoft.EntityFrameworkCore.Database.Command|Executed DbCommand (0ms) [Parameters=[], CommandType='Text', CommandTimeout='30']
CREATE INDEX "IX_tstints_fk_id_kart" ON "tstints" ("fk_id_kart");
2026-07-13 18:02:51.4015|INFO|Microsoft.EntityFrameworkCore.Database.Command|Executed DbCommand (0ms) [Parameters=[], CommandType='Text', CommandTimeout='30']
CREATE TABLE "ef_temp_tstints" (
    "id" INTEGER NOT NULL CONSTRAINT "PK_tstints" PRIMARY KEY AUTOINCREMENT,
    "datum" datetime NOT NULL,
    "deleted_at_utc" datetime NULL,
    "fk_id_fahrer" INTEGER NOT NULL,
    "fk_id_kart" INTEGER NULL,
    "fk_id_training" INTEGER NOT NULL,
    "is_deleted" INTEGER NOT NULL DEFAULT 0,
    "updated_at_utc" datetime NOT NULL DEFAULT (CURRENT_TIMESTAMP),
    CONSTRAINT "FK_tstints_fahrer" FOREIGN KEY ("fk_id_fahrer") REFERENCES "fahrer" ("id") ON DELETE RESTRICT,
    CONSTRAINT "FK_tstints_karts" FOREIGN KEY ("fk_id_kart") REFERENCES "karts" ("id") ON DELETE RESTRICT,
    CONSTRAINT "FK_tstints_training" FOREIGN KEY ("fk_id_training") REFERENCES "training" ("id") ON DELETE RESTRICT
);
2026-07-13 18:02:51.4015|INFO|Microsoft.EntityFrameworkCore.Database.Command|Executed DbCommand (0ms) [Parameters=[], CommandType='Text', CommandTimeout='30']
INSERT INTO "ef_temp_tstints" ("id", "datum", "deleted_at_utc", "fk_id_fahrer", "fk_id_kart", "fk_id_training", "is_deleted", "updated_at_utc")
SELECT "id", "datum", "deleted_at_utc", "fk_id_fahrer", "fk_id_kart", "fk_id_training", "is_deleted", "updated_at_utc"
FROM "tstints";
2026-07-13 18:02:51.4015|INFO|Microsoft.EntityFrameworkCore.Database.Command|Executed DbCommand (0ms) [Parameters=[], CommandType='Text', CommandTimeout='30']
PRAGMA foreign_keys = 0;
2026-07-13 18:02:51.4015|INFO|Microsoft.EntityFrameworkCore.Database.Command|Executed DbCommand (1ms) [Parameters=[], CommandType='Text', CommandTimeout='30']
DROP TABLE "tstints";
2026-07-13 18:02:51.4015|INFO|Microsoft.EntityFrameworkCore.Database.Command|Executed DbCommand (1ms) [Parameters=[], CommandType='Text', CommandTimeout='30']
ALTER TABLE "ef_temp_tstints" RENAME TO "tstints";
2026-07-13 18:02:51.4015|INFO|Microsoft.EntityFrameworkCore.Database.Command|Executed DbCommand (0ms) [Parameters=[], CommandType='Text', CommandTimeout='30']
PRAGMA foreign_keys = 1;
2026-07-13 18:02:51.4015|INFO|Microsoft.EntityFrameworkCore.Database.Command|Executed DbCommand (1ms) [Parameters=[], CommandType='Text', CommandTimeout='30']
CREATE INDEX "IX_tstints_fk_id_fahrer" ON "tstints" ("fk_id_fahrer");
2026-07-13 18:02:51.4015|INFO|Microsoft.EntityFrameworkCore.Database.Command|Executed DbCommand (0ms) [Parameters=[], CommandType='Text', CommandTimeout='30']
CREATE INDEX "IX_tstints_fk_id_kart" ON "tstints" ("fk_id_kart");
2026-07-13 18:02:51.4015|INFO|Microsoft.EntityFrameworkCore.Database.Command|Executed DbCommand (0ms) [Parameters=[], CommandType='Text', CommandTimeout='30']
CREATE INDEX "IX_tstints_fk_id_training" ON "tstints" ("fk_id_training");
2026-07-13 18:02:51.4015|INFO|Microsoft.EntityFrameworkCore.Database.Command|Executed DbCommand (0ms) [Parameters=[], CommandType='Text', CommandTimeout='30']
INSERT INTO "__EFMigrationsHistory" ("MigrationId", "ProductVersion")
VALUES ('20260713150844_AddTstintKartIdSqlite', '8.0.2');
2026-07-13 18:02:51.9929|INFO|Microsoft.EntityFrameworkCore.Database.Command|Executed DbCommand (30ms) [Parameters=[], CommandType='Text', CommandTimeout='30']
SELECT `t`.`Value`
FROM (
    SELECT COUNT(1) AS Value FROM INFORMATION_SCHEMA.TABLES WHERE TABLE_SCHEMA = DATABASE() AND TABLE_NAME = '__EFMigrationsHistory'
) AS `t`
LIMIT 2
2026-07-13 18:02:52.0969|INFO|Microsoft.EntityFrameworkCore.Database.Command|Executed DbCommand (46ms) [Parameters=[], CommandType='Text', CommandTimeout='30']
SELECT `t`.`Value`
FROM (
    SELECT COUNT(1) AS Value FROM __EFMigrationsHistory WHERE MigrationId = '20260713103701_AddBidirectionalSyncMetadata'
) AS `t`
LIMIT 2
2026-07-13 18:02:52.1983|INFO|Microsoft.EntityFrameworkCore.Database.Command|Executed DbCommand (67ms) [Parameters=[], CommandType='Text', CommandTimeout='30']
SELECT `t`.`Value`
FROM (
    SELECT COUNT(1) AS Value FROM INFORMATION_SCHEMA.TABLES WHERE TABLE_SCHEMA = DATABASE() AND TABLE_NAME = 'sync_state'
) AS `t`
LIMIT 2
2026-07-13 18:02:52.2531|INFO|Microsoft.EntityFrameworkCore.Database.Command|Executed DbCommand (27ms) [Parameters=[], CommandType='Text', CommandTimeout='30']
SELECT `t`.`Value`
FROM (
    SELECT COUNT(1) AS Value FROM INFORMATION_SCHEMA.TABLES WHERE TABLE_SCHEMA = DATABASE() AND TABLE_NAME = 'sync_state'
) AS `t`
LIMIT 2
2026-07-13 18:02:52.3327|INFO|Microsoft.EntityFrameworkCore.Database.Command|Executed DbCommand (49ms) [Parameters=[], CommandType='Text', CommandTimeout='30']
SELECT `t`.`Value`
FROM (
    SELECT COUNT(1) AS Value FROM INFORMATION_SCHEMA.COLUMNS WHERE TABLE_SCHEMA = DATABASE() AND TABLE_NAME = 'disziplin' AND COLUMN_NAME = 'updated_at_utc'
) AS `t`
LIMIT 2
2026-07-13 18:02:52.4079|INFO|Microsoft.EntityFrameworkCore.Database.Command|Executed DbCommand (30ms) [Parameters=[], CommandType='Text', CommandTimeout='30']
SELECT `t`.`Value`
FROM (
    SELECT COUNT(1) AS Value FROM INFORMATION_SCHEMA.COLUMNS WHERE TABLE_SCHEMA = DATABASE() AND TABLE_NAME = 'disziplin' AND COLUMN_NAME = 'is_deleted'
) AS `t`
LIMIT 2
2026-07-13 18:02:52.4636|INFO|Microsoft.EntityFrameworkCore.Database.Command|Executed DbCommand (27ms) [Parameters=[], CommandType='Text', CommandTimeout='30']
SELECT `t`.`Value`
FROM (
    SELECT COUNT(1) AS Value FROM INFORMATION_SCHEMA.COLUMNS WHERE TABLE_SCHEMA = DATABASE() AND TABLE_NAME = 'disziplin' AND COLUMN_NAME = 'deleted_at_utc'
) AS `t`
LIMIT 2
2026-07-13 18:02:52.5353|INFO|Microsoft.EntityFrameworkCore.Database.Command|Executed DbCommand (35ms) [Parameters=[], CommandType='Text', CommandTimeout='30']
SELECT `t`.`Value`
FROM (
    SELECT COUNT(1) AS Value FROM INFORMATION_SCHEMA.COLUMNS WHERE TABLE_SCHEMA = DATABASE() AND TABLE_NAME = 'vereine' AND COLUMN_NAME = 'updated_at_utc'
) AS `t`
LIMIT 2
2026-07-13 18:02:52.5985|INFO|Microsoft.EntityFrameworkCore.Database.Command|Executed DbCommand (32ms) [Parameters=[], CommandType='Text', CommandTimeout='30']
SELECT `t`.`Value`
FROM (
    SELECT COUNT(1) AS Value FROM INFORMATION_SCHEMA.COLUMNS WHERE TABLE_SCHEMA = DATABASE() AND TABLE_NAME = 'vereine' AND COLUMN_NAME = 'is_deleted'
) AS `t`
LIMIT 2
2026-07-13 18:02:52.6611|INFO|Microsoft.EntityFrameworkCore.Database.Command|Executed DbCommand (25ms) [Parameters=[], CommandType='Text', CommandTimeout='30']
SELECT `t`.`Value`
FROM (
    SELECT COUNT(1) AS Value FROM INFORMATION_SCHEMA.COLUMNS WHERE TABLE_SCHEMA = DATABASE() AND TABLE_NAME = 'vereine' AND COLUMN_NAME = 'deleted_at_utc'
) AS `t`
LIMIT 2
2026-07-13 18:02:52.7169|INFO|Microsoft.EntityFrameworkCore.Database.Command|Executed DbCommand (27ms) [Parameters=[], CommandType='Text', CommandTimeout='30']
SELECT `t`.`Value`
FROM (
    SELECT COUNT(1) AS Value FROM INFORMATION_SCHEMA.COLUMNS WHERE TABLE_SCHEMA = DATABASE() AND TABLE_NAME = 'wetter' AND COLUMN_NAME = 'updated_at_utc'
) AS `t`
LIMIT 2
2026-07-13 18:02:52.7906|INFO|Microsoft.EntityFrameworkCore.Database.Command|Executed DbCommand (45ms) [Parameters=[], CommandType='Text', CommandTimeout='30']
SELECT `t`.`Value`
FROM (
    SELECT COUNT(1) AS Value FROM INFORMATION_SCHEMA.COLUMNS WHERE TABLE_SCHEMA = DATABASE() AND TABLE_NAME = 'wetter' AND COLUMN_NAME = 'is_deleted'
) AS `t`
LIMIT 2
2026-07-13 18:02:52.8493|INFO|Microsoft.EntityFrameworkCore.Database.Command|Executed DbCommand (27ms) [Parameters=[], CommandType='Text', CommandTimeout='30']
SELECT `t`.`Value`
FROM (
    SELECT COUNT(1) AS Value FROM INFORMATION_SCHEMA.COLUMNS WHERE TABLE_SCHEMA = DATABASE() AND TABLE_NAME = 'wetter' AND COLUMN_NAME = 'deleted_at_utc'
) AS `t`
LIMIT 2
2026-07-13 18:02:52.9089|INFO|Microsoft.EntityFrameworkCore.Database.Command|Executed DbCommand (26ms) [Parameters=[], CommandType='Text', CommandTimeout='30']
SELECT `t`.`Value`
FROM (
    SELECT COUNT(1) AS Value FROM INFORMATION_SCHEMA.COLUMNS WHERE TABLE_SCHEMA = DATABASE() AND TABLE_NAME = 'fahrer' AND COLUMN_NAME = 'updated_at_utc'
) AS `t`
LIMIT 2
2026-07-13 18:02:52.9672|INFO|Microsoft.EntityFrameworkCore.Database.Command|Executed DbCommand (26ms) [Parameters=[], CommandType='Text', CommandTimeout='30']
SELECT `t`.`Value`
FROM (
    SELECT COUNT(1) AS Value FROM INFORMATION_SCHEMA.COLUMNS WHERE TABLE_SCHEMA = DATABASE() AND TABLE_NAME = 'fahrer' AND COLUMN_NAME = 'is_deleted'
) AS `t`
LIMIT 2
2026-07-13 18:02:53.0284|INFO|Microsoft.EntityFrameworkCore.Database.Command|Executed DbCommand (27ms) [Parameters=[], CommandType='Text', CommandTimeout='30']
SELECT `t`.`Value`
FROM (
    SELECT COUNT(1) AS Value FROM INFORMATION_SCHEMA.COLUMNS WHERE TABLE_SCHEMA = DATABASE() AND TABLE_NAME = 'fahrer' AND COLUMN_NAME = 'deleted_at_utc'
) AS `t`
LIMIT 2
2026-07-13 18:02:53.0979|INFO|Microsoft.EntityFrameworkCore.Database.Command|Executed DbCommand (39ms) [Parameters=[], CommandType='Text', CommandTimeout='30']
SELECT `t`.`Value`
FROM (
    SELECT COUNT(1) AS Value FROM INFORMATION_SCHEMA.COLUMNS WHERE TABLE_SCHEMA = DATABASE() AND TABLE_NAME = 'training' AND COLUMN_NAME = 'updated_at_utc'
) AS `t`
LIMIT 2
2026-07-13 18:02:53.1622|INFO|Microsoft.EntityFrameworkCore.Database.Command|Executed DbCommand (30ms) [Parameters=[], CommandType='Text', CommandTimeout='30']
SELECT `t`.`Value`
FROM (
    SELECT COUNT(1) AS Value FROM INFORMATION_SCHEMA.COLUMNS WHERE TABLE_SCHEMA = DATABASE() AND TABLE_NAME = 'training' AND COLUMN_NAME = 'is_deleted'
) AS `t`
LIMIT 2
2026-07-13 18:02:53.2249|INFO|Microsoft.EntityFrameworkCore.Database.Command|Executed DbCommand (28ms) [Parameters=[], CommandType='Text', CommandTimeout='30']
SELECT `t`.`Value`
FROM (
    SELECT COUNT(1) AS Value FROM INFORMATION_SCHEMA.COLUMNS WHERE TABLE_SCHEMA = DATABASE() AND TABLE_NAME = 'training' AND COLUMN_NAME = 'deleted_at_utc'
) AS `t`
LIMIT 2
2026-07-13 18:02:53.2941|INFO|Microsoft.EntityFrameworkCore.Database.Command|Executed DbCommand (28ms) [Parameters=[], CommandType='Text', CommandTimeout='30']
SELECT `t`.`Value`
FROM (
    SELECT COUNT(1) AS Value FROM INFORMATION_SCHEMA.COLUMNS WHERE TABLE_SCHEMA = DATABASE() AND TABLE_NAME = 'karts' AND COLUMN_NAME = 'updated_at_utc'
) AS `t`
LIMIT 2
2026-07-13 18:02:53.3630|INFO|Microsoft.EntityFrameworkCore.Database.Command|Executed DbCommand (25ms) [Parameters=[], CommandType='Text', CommandTimeout='30']
SELECT `t`.`Value`
FROM (
    SELECT COUNT(1) AS Value FROM INFORMATION_SCHEMA.COLUMNS WHERE TABLE_SCHEMA = DATABASE() AND TABLE_NAME = 'karts' AND COLUMN_NAME = 'is_deleted'
) AS `t`
LIMIT 2
2026-07-13 18:02:53.4455|INFO|Microsoft.EntityFrameworkCore.Database.Command|Executed DbCommand (42ms) [Parameters=[], CommandType='Text', CommandTimeout='30']
SELECT `t`.`Value`
FROM (
    SELECT COUNT(1) AS Value FROM INFORMATION_SCHEMA.COLUMNS WHERE TABLE_SCHEMA = DATABASE() AND TABLE_NAME = 'karts' AND COLUMN_NAME = 'deleted_at_utc'
) AS `t`
LIMIT 2
2026-07-13 18:02:53.5122|INFO|Microsoft.EntityFrameworkCore.Database.Command|Executed DbCommand (29ms) [Parameters=[], CommandType='Text', CommandTimeout='30']
SELECT `t`.`Value`
FROM (
    SELECT COUNT(1) AS Value FROM INFORMATION_SCHEMA.COLUMNS WHERE TABLE_SCHEMA = DATABASE() AND TABLE_NAME = 'tstints' AND COLUMN_NAME = 'updated_at_utc'
) AS `t`
LIMIT 2
2026-07-13 18:02:53.5713|INFO|Microsoft.EntityFrameworkCore.Database.Command|Executed DbCommand (27ms) [Parameters=[], CommandType='Text', CommandTimeout='30']
SELECT `t`.`Value`
FROM (
    SELECT COUNT(1) AS Value FROM INFORMATION_SCHEMA.COLUMNS WHERE TABLE_SCHEMA = DATABASE() AND TABLE_NAME = 'tstints' AND COLUMN_NAME = 'is_deleted'
) AS `t`
LIMIT 2
2026-07-13 18:02:53.6366|INFO|Microsoft.EntityFrameworkCore.Database.Command|Executed DbCommand (31ms) [Parameters=[], CommandType='Text', CommandTimeout='30']
SELECT `t`.`Value`
FROM (
    SELECT COUNT(1) AS Value FROM INFORMATION_SCHEMA.COLUMNS WHERE TABLE_SCHEMA = DATABASE() AND TABLE_NAME = 'tstints' AND COLUMN_NAME = 'deleted_at_utc'
) AS `t`
LIMIT 2
2026-07-13 18:02:53.7029|INFO|Microsoft.EntityFrameworkCore.Database.Command|Executed DbCommand (33ms) [Parameters=[], CommandType='Text', CommandTimeout='30']
SELECT `t`.`Value`
FROM (
    SELECT COUNT(1) AS Value FROM INFORMATION_SCHEMA.COLUMNS WHERE TABLE_SCHEMA = DATABASE() AND TABLE_NAME = 'fahrer_im_training' AND COLUMN_NAME = 'updated_at_utc'
) AS `t`
LIMIT 2
2026-07-13 18:02:53.7617|INFO|Microsoft.EntityFrameworkCore.Database.Command|Executed DbCommand (26ms) [Parameters=[], CommandType='Text', CommandTimeout='30']
SELECT `t`.`Value`
FROM (
    SELECT COUNT(1) AS Value FROM INFORMATION_SCHEMA.COLUMNS WHERE TABLE_SCHEMA = DATABASE() AND TABLE_NAME = 'fahrer_im_training' AND COLUMN_NAME = 'is_deleted'
) AS `t`
LIMIT 2
2026-07-13 18:02:53.8189|INFO|Microsoft.EntityFrameworkCore.Database.Command|Executed DbCommand (28ms) [Parameters=[], CommandType='Text', CommandTimeout='30']
SELECT `t`.`Value`
FROM (
    SELECT COUNT(1) AS Value FROM INFORMATION_SCHEMA.COLUMNS WHERE TABLE_SCHEMA = DATABASE() AND TABLE_NAME = 'fahrer_im_training' AND COLUMN_NAME = 'deleted_at_utc'
) AS `t`
LIMIT 2
2026-07-13 18:02:53.8926|INFO|Microsoft.EntityFrameworkCore.Database.Command|Executed DbCommand (45ms) [Parameters=[], CommandType='Text', CommandTimeout='30']
SELECT `t`.`Value`
FROM (
    SELECT COUNT(1) AS Value FROM INFORMATION_SCHEMA.COLUMNS WHERE TABLE_SCHEMA = DATABASE() AND TABLE_NAME = 'trunden' AND COLUMN_NAME = 'updated_at_utc'
) AS `t`
LIMIT 2
2026-07-13 18:02:53.9491|INFO|Microsoft.EntityFrameworkCore.Database.Command|Executed DbCommand (27ms) [Parameters=[], CommandType='Text', CommandTimeout='30']
SELECT `t`.`Value`
FROM (
    SELECT COUNT(1) AS Value FROM INFORMATION_SCHEMA.COLUMNS WHERE TABLE_SCHEMA = DATABASE() AND TABLE_NAME = 'trunden' AND COLUMN_NAME = 'is_deleted'
) AS `t`
LIMIT 2
2026-07-13 18:02:54.0104|INFO|Microsoft.EntityFrameworkCore.Database.Command|Executed DbCommand (33ms) [Parameters=[], CommandType='Text', CommandTimeout='30']
SELECT `t`.`Value`
FROM (
    SELECT COUNT(1) AS Value FROM INFORMATION_SCHEMA.COLUMNS WHERE TABLE_SCHEMA = DATABASE() AND TABLE_NAME = 'trunden' AND COLUMN_NAME = 'deleted_at_utc'
) AS `t`
LIMIT 2
2026-07-13 18:02:54.3686|INFO|Microsoft.EntityFrameworkCore.Database.Command|Executed DbCommand (36ms) [Parameters=[], CommandType='Text', CommandTimeout='30']
SELECT 1 FROM INFORMATION_SCHEMA.TABLES WHERE TABLE_SCHEMA='os' AND TABLE_NAME='__EFMigrationsHistory';
2026-07-13 18:02:54.6959|INFO|Microsoft.EntityFrameworkCore.Database.Command|Executed DbCommand (46ms) [Parameters=[], CommandType='Text', CommandTimeout='30']
SELECT 1 FROM INFORMATION_SCHEMA.TABLES WHERE TABLE_SCHEMA='os' AND TABLE_NAME='__EFMigrationsHistory';
2026-07-13 18:02:54.7738|INFO|Microsoft.EntityFrameworkCore.Database.Command|Executed DbCommand (42ms) [Parameters=[], CommandType='Text', CommandTimeout='30']
SELECT `MigrationId`, `ProductVersion`
FROM `__EFMigrationsHistory`
ORDER BY `MigrationId`;
2026-07-13 18:02:54.7760|INFO|Microsoft.EntityFrameworkCore.Migrations|No migrations were applied. The database is already up to date.
2026-07-13 18:02:56.4491|INFO|Microsoft.EntityFrameworkCore.Database.Command|Executed DbCommand (0ms) [Parameters=[], CommandType='Text', CommandTimeout='30']
SELECT "t"."id", "t"."fk_id_verein", "t"."fk_id_disziplin", "t"."fk_id_wetter", "t"."name", "t"."beschreibung", "t"."zeitpunkt", "t"."training_abgeschlossen", CASE
    WHEN "t"."training_abgeschlossen" THEN 'Ja'
    ELSE 'Nein'
END, "t0"."vereinsname", "t1"."disziplin", "t2"."wetter"
FROM "training" AS "t"
INNER JOIN (
    SELECT "v"."id", "v"."vereinsname"
    FROM "vereine" AS "v"
    WHERE NOT ("v"."is_deleted")
) AS "t0" ON "t"."fk_id_verein" = "t0"."id"
INNER JOIN (
    SELECT "d"."id", "d"."disziplin"
    FROM "disziplin" AS "d"
    WHERE NOT ("d"."is_deleted")
) AS "t1" ON "t"."fk_id_disziplin" = "t1"."id"
INNER JOIN (
    SELECT "w"."id", "w"."wetter"
    FROM "wetter" AS "w"
    WHERE NOT ("w"."is_deleted")
) AS "t2" ON "t"."fk_id_wetter" = "t2"."id"
WHERE NOT ("t"."is_deleted")
ORDER BY "t"."zeitpunkt" DESC, "t"."name"
2026-07-13 18:02:56.4976|INFO|Microsoft.EntityFrameworkCore.Database.Command|Executed DbCommand (0ms) [Parameters=[], CommandType='Text', CommandTimeout='30']
SELECT "d"."id", "d"."disziplin", "d"."tf", "d"."pf"
FROM "disziplin" AS "d"
WHERE NOT ("d"."is_deleted")
ORDER BY "d"."disziplin"
2026-07-13 18:02:56.4976|INFO|Microsoft.EntityFrameworkCore.Database.Command|Executed DbCommand (0ms) [Parameters=[], CommandType='Text', CommandTimeout='30']
SELECT "v"."id" AS "Id", "v"."vereinsname" AS "Vereinsname", "v"."mitglieds_nummer" AS "MitgliedsNummer"
FROM "vereine" AS "v"
WHERE NOT ("v"."is_deleted")
ORDER BY "v"."vereinsname"
2026-07-13 18:02:56.5129|INFO|Microsoft.EntityFrameworkCore.Database.Command|Executed DbCommand (0ms) [Parameters=[], CommandType='Text', CommandTimeout='30']
SELECT "f"."id", "f"."fk_id_verein", "f"."vorname", COALESCE("f"."nachname", ''), "f"."geburtsdatum", "f"."geburtsdatum" IS NOT NULL, "t"."vereinsname"
FROM "fahrer" AS "f"
INNER JOIN (
    SELECT "v"."id", "v"."vereinsname"
    FROM "vereine" AS "v"
    WHERE NOT ("v"."is_deleted")
) AS "t" ON "f"."fk_id_verein" = "t"."id"
WHERE NOT ("f"."is_deleted")
ORDER BY "f"."vorname", "f"."nachname"
2026-07-13 18:02:56.5129|INFO|Microsoft.EntityFrameworkCore.Database.Command|Executed DbCommand (0ms) [Parameters=[], CommandType='Text', CommandTimeout='30']
SELECT "k"."id" AS "Id", "k"."fk_id_verein" AS "VereinId", "k"."fk_id_disziplin" AS "DisziplinId", COALESCE("k"."Name", '') AS "Name", COALESCE("k"."Motor", '') AS "Motor", COALESCE("k"."Chassis", '') AS "Chassis", "t"."vereinsname" AS "VereinName", "t0"."disziplin" AS "DisziplinName"
FROM "karts" AS "k"
INNER JOIN (
    SELECT "v"."id", "v"."vereinsname"
    FROM "vereine" AS "v"
    WHERE NOT ("v"."is_deleted")
) AS "t" ON "k"."fk_id_verein" = "t"."id"
INNER JOIN (
    SELECT "d"."id", "d"."disziplin"
    FROM "disziplin" AS "d"
    WHERE NOT ("d"."is_deleted")
) AS "t0" ON "k"."fk_id_disziplin" = "t0"."id"
WHERE NOT ("k"."is_deleted")
ORDER BY "k"."Name"
2026-07-13 18:02:56.5129|INFO|Microsoft.EntityFrameworkCore.Database.Command|Executed DbCommand (0ms) [Parameters=[], CommandType='Text', CommandTimeout='30']
SELECT "w"."id" AS "Id", "w"."wetter" AS "Name"
FROM "wetter" AS "w"
WHERE NOT ("w"."is_deleted")
ORDER BY "w"."wetter"
2026-07-13 18:02:56.5258|INFO|Microsoft.EntityFrameworkCore.Database.Command|Executed DbCommand (0ms) [Parameters=[], CommandType='Text', CommandTimeout='30']
SELECT "v"."id" AS "Id", "v"."vereinsname" AS "Name"
FROM "vereine" AS "v"
WHERE NOT ("v"."is_deleted")
ORDER BY "v"."vereinsname"
2026-07-13 18:02:56.5258|INFO|Microsoft.EntityFrameworkCore.Database.Command|Executed DbCommand (0ms) [Parameters=[], CommandType='Text', CommandTimeout='30']
SELECT "d"."id" AS "Id", "d"."disziplin" AS "Name"
FROM "disziplin" AS "d"
WHERE NOT ("d"."is_deleted")
ORDER BY "d"."disziplin"
2026-07-13 18:02:56.5258|INFO|Microsoft.EntityFrameworkCore.Database.Command|Executed DbCommand (0ms) [Parameters=[], CommandType='Text', CommandTimeout='30']
SELECT "w"."id" AS "Id", "w"."wetter" AS "Name"
FROM "wetter" AS "w"
WHERE NOT ("w"."is_deleted")
ORDER BY "w"."wetter"
2026-07-13 18:02:56.5258|INFO|Microsoft.EntityFrameworkCore.Database.Command|Executed DbCommand (0ms) [Parameters=[], CommandType='Text', CommandTimeout='30']
SELECT "k"."id", "k"."Name" IS NULL OR trim("k"."Name") = '', "k"."Name"
FROM "karts" AS "k"
WHERE NOT ("k"."is_deleted")
ORDER BY "k"."Name", "k"."id"
2026-07-13 18:02:56.7937|INFO|Microsoft.EntityFrameworkCore.Database.Command|Executed DbCommand (0ms) [Parameters=[], CommandType='Text', CommandTimeout='30']
SELECT "s"."id", "s"."last_sync_utc"
FROM "sync_state" AS "s"
WHERE "s"."id" = 'global'
LIMIT 1
2026-07-13 18:02:56.8731|INFO|Microsoft.EntityFrameworkCore.Database.Command|Executed DbCommand (26ms) [Parameters=[], CommandType='Text', CommandTimeout='30']
SELECT `s`.`id`, `s`.`last_sync_utc`
FROM `sync_state` AS `s`
WHERE `s`.`id` = 'global'
LIMIT 1
2026-07-13 18:02:56.8894|INFO|Microsoft.EntityFrameworkCore.Database.Command|Executed DbCommand (3ms) [Parameters=[@__lastSyncUtc_0='?' (DbType = DateTime)], CommandType='Text', CommandTimeout='30']
SELECT COUNT(*)
FROM "disziplin" AS "d"
WHERE "d"."updated_at_utc" > @__lastSyncUtc_0
2026-07-13 18:02:56.8894|INFO|Microsoft.EntityFrameworkCore.Database.Command|Executed DbCommand (0ms) [Parameters=[@__lastSyncUtc_0='?' (DbType = DateTime)], CommandType='Text', CommandTimeout='30']
SELECT COUNT(*)
FROM "vereine" AS "v"
WHERE "v"."updated_at_utc" > @__lastSyncUtc_0
2026-07-13 18:02:56.8894|INFO|Microsoft.EntityFrameworkCore.Database.Command|Executed DbCommand (0ms) [Parameters=[@__lastSyncUtc_0='?' (DbType = DateTime)], CommandType='Text', CommandTimeout='30']
SELECT COUNT(*)
FROM "wetter" AS "w"
WHERE "w"."updated_at_utc" > @__lastSyncUtc_0
2026-07-13 18:02:56.8894|INFO|Microsoft.EntityFrameworkCore.Database.Command|Executed DbCommand (0ms) [Parameters=[@__lastSyncUtc_0='?' (DbType = DateTime)], CommandType='Text', CommandTimeout='30']
SELECT COUNT(*)
FROM "fahrer" AS "f"
WHERE "f"."updated_at_utc" > @__lastSyncUtc_0
2026-07-13 18:02:56.8894|INFO|Microsoft.EntityFrameworkCore.Database.Command|Executed DbCommand (0ms) [Parameters=[@__lastSyncUtc_0='?' (DbType = DateTime)], CommandType='Text', CommandTimeout='30']
SELECT COUNT(*)
FROM "training" AS "t"
WHERE "t"."updated_at_utc" > @__lastSyncUtc_0
2026-07-13 18:02:56.8894|INFO|Microsoft.EntityFrameworkCore.Database.Command|Executed DbCommand (0ms) [Parameters=[@__lastSyncUtc_0='?' (DbType = DateTime)], CommandType='Text', CommandTimeout='30']
SELECT COUNT(*)
FROM "karts" AS "k"
WHERE "k"."updated_at_utc" > @__lastSyncUtc_0
2026-07-13 18:02:56.8894|INFO|Microsoft.EntityFrameworkCore.Database.Command|Executed DbCommand (0ms) [Parameters=[@__lastSyncUtc_0='?' (DbType = DateTime)], CommandType='Text', CommandTimeout='30']
SELECT COUNT(*)
FROM "tstints" AS "t"
WHERE "t"."updated_at_utc" > @__lastSyncUtc_0
2026-07-13 18:02:56.8894|INFO|Microsoft.EntityFrameworkCore.Database.Command|Executed DbCommand (0ms) [Parameters=[@__lastSyncUtc_0='?' (DbType = DateTime)], CommandType='Text', CommandTimeout='30']
SELECT COUNT(*)
FROM "fahrer_im_training" AS "f"
WHERE "f"."updated_at_utc" > @__lastSyncUtc_0
2026-07-13 18:02:56.9006|INFO|Microsoft.EntityFrameworkCore.Database.Command|Executed DbCommand (0ms) [Parameters=[@__lastSyncUtc_0='?' (DbType = DateTime)], CommandType='Text', CommandTimeout='30']
SELECT COUNT(*)
FROM "trunden" AS "t"
WHERE "t"."updated_at_utc" > @__lastSyncUtc_0
2026-07-13 18:02:56.9836|INFO|Microsoft.EntityFrameworkCore.Database.Command|Executed DbCommand (39ms) [Parameters=[@__lastSyncUtc_0='?' (DbType = DateTime)], CommandType='Text', CommandTimeout='30']
SELECT COUNT(*)
FROM `disziplin` AS `d`
WHERE `d`.`updated_at_utc` > @__lastSyncUtc_0
2026-07-13 18:02:57.0368|INFO|Microsoft.EntityFrameworkCore.Database.Command|Executed DbCommand (26ms) [Parameters=[@__lastSyncUtc_0='?' (DbType = DateTime)], CommandType='Text', CommandTimeout='30']
SELECT COUNT(*)
FROM `vereine` AS `v`
WHERE `v`.`updated_at_utc` > @__lastSyncUtc_0
2026-07-13 18:02:57.1101|INFO|Microsoft.EntityFrameworkCore.Database.Command|Executed DbCommand (45ms) [Parameters=[@__lastSyncUtc_0='?' (DbType = DateTime)], CommandType='Text', CommandTimeout='30']
SELECT COUNT(*)
FROM `wetter` AS `w`
WHERE `w`.`updated_at_utc` > @__lastSyncUtc_0
2026-07-13 18:02:57.1712|INFO|Microsoft.EntityFrameworkCore.Database.Command|Executed DbCommand (33ms) [Parameters=[@__lastSyncUtc_0='?' (DbType = DateTime)], CommandType='Text', CommandTimeout='30']
SELECT COUNT(*)
FROM `fahrer` AS `f`
WHERE `f`.`updated_at_utc` > @__lastSyncUtc_0
2026-07-13 18:02:57.2252|INFO|Microsoft.EntityFrameworkCore.Database.Command|Executed DbCommand (26ms) [Parameters=[@__lastSyncUtc_0='?' (DbType = DateTime)], CommandType='Text', CommandTimeout='30']
SELECT COUNT(*)
FROM `training` AS `t`
WHERE `t`.`updated_at_utc` > @__lastSyncUtc_0
2026-07-13 18:02:57.2764|INFO|Microsoft.EntityFrameworkCore.Database.Command|Executed DbCommand (25ms) [Parameters=[@__lastSyncUtc_0='?' (DbType = DateTime)], CommandType='Text', CommandTimeout='30']
SELECT COUNT(*)
FROM `karts` AS `k`
WHERE `k`.`updated_at_utc` > @__lastSyncUtc_0
2026-07-13 18:02:57.3325|INFO|Microsoft.EntityFrameworkCore.Database.Command|Executed DbCommand (25ms) [Parameters=[@__lastSyncUtc_0='?' (DbType = DateTime)], CommandType='Text', CommandTimeout='30']
SELECT COUNT(*)
FROM `tstints` AS `t`
WHERE `t`.`updated_at_utc` > @__lastSyncUtc_0
2026-07-13 18:02:57.3945|INFO|Microsoft.EntityFrameworkCore.Database.Command|Executed DbCommand (35ms) [Parameters=[@__lastSyncUtc_0='?' (DbType = DateTime)], CommandType='Text', CommandTimeout='30']
SELECT COUNT(*)
FROM `fahrer_im_training` AS `f`
WHERE `f`.`updated_at_utc` > @__lastSyncUtc_0
2026-07-13 18:02:57.4524|INFO|Microsoft.EntityFrameworkCore.Database.Command|Executed DbCommand (27ms) [Parameters=[@__lastSyncUtc_0='?' (DbType = DateTime)], CommandType='Text', CommandTimeout='30']
SELECT COUNT(*)
FROM `trunden` AS `t`
WHERE `t`.`updated_at_utc` > @__lastSyncUtc_0
2026-07-13 18:02:57.4524|INFO|Microsoft.EntityFrameworkCore.Database.Command|Executed DbCommand (0ms) [Parameters=[], CommandType='Text', CommandTimeout='30']
SELECT "d"."id"
FROM "disziplin" AS "d"
2026-07-13 18:02:57.5148|INFO|Microsoft.EntityFrameworkCore.Database.Command|Executed DbCommand (26ms) [Parameters=[], CommandType='Text', CommandTimeout='30']
SELECT `d`.`id`
FROM `disziplin` AS `d`
2026-07-13 18:03:09.5279|INFO|Microsoft.EntityFrameworkCore.Database.Command|Executed DbCommand (1ms) [Parameters=[], CommandType='Text', CommandTimeout='30']
SELECT COUNT(*) FROM "sqlite_master" WHERE "name" = '__EFMigrationsHistory' AND "type" = 'table';
2026-07-13 18:03:09.5279|INFO|Microsoft.EntityFrameworkCore.Database.Command|Executed DbCommand (0ms) [Parameters=[], CommandType='Text', CommandTimeout='30']
SELECT COUNT(*) FROM "sqlite_master" WHERE "name" = '__EFMigrationsHistory' AND "type" = 'table';
2026-07-13 18:03:09.5279|INFO|Microsoft.EntityFrameworkCore.Database.Command|Executed DbCommand (0ms) [Parameters=[], CommandType='Text', CommandTimeout='30']
SELECT "MigrationId", "ProductVersion"
FROM "__EFMigrationsHistory"
ORDER BY "MigrationId";
2026-07-13 18:03:09.5279|INFO|Microsoft.EntityFrameworkCore.Migrations|No migrations were applied. The database is already up to date.
2026-07-13 18:03:09.8388|INFO|Microsoft.EntityFrameworkCore.Database.Command|Executed DbCommand (32ms) [Parameters=[], CommandType='Text', CommandTimeout='30']
SELECT 1 FROM INFORMATION_SCHEMA.TABLES WHERE TABLE_SCHEMA='os' AND TABLE_NAME='__EFMigrationsHistory';
2026-07-13 18:03:10.1739|INFO|Microsoft.EntityFrameworkCore.Database.Command|Executed DbCommand (31ms) [Parameters=[], CommandType='Text', CommandTimeout='30']
SELECT 1 FROM INFORMATION_SCHEMA.TABLES WHERE TABLE_SCHEMA='os' AND TABLE_NAME='__EFMigrationsHistory';
2026-07-13 18:03:10.2315|INFO|Microsoft.EntityFrameworkCore.Database.Command|Executed DbCommand (26ms) [Parameters=[], CommandType='Text', CommandTimeout='30']
SELECT `MigrationId`, `ProductVersion`
FROM `__EFMigrationsHistory`
ORDER BY `MigrationId`;
2026-07-13 18:03:10.2315|INFO|Microsoft.EntityFrameworkCore.Migrations|No migrations were applied. The database is already up to date.
2026-07-13 18:03:10.3490|INFO|Microsoft.EntityFrameworkCore.Database.Command|Executed DbCommand (0ms) [Parameters=[], CommandType='Text', CommandTimeout='30']
SELECT "d"."id", "d"."deleted_at_utc", "d"."is_deleted", "d"."disziplin", "d"."updated_at_utc", "d"."pf", "d"."tf"
FROM "disziplin" AS "d"
2026-07-13 18:03:10.3899|INFO|Microsoft.EntityFrameworkCore.Database.Command|Executed DbCommand (37ms) [Parameters=[], CommandType='Text', CommandTimeout='30']
SELECT `d`.`id`, `d`.`deleted_at_utc`, `d`.`is_deleted`, `d`.`disziplin`, `d`.`updated_at_utc`, `d`.`pf`, `d`.`tf`
FROM `disziplin` AS `d`
2026-07-13 18:03:10.4660|INFO|Microsoft.EntityFrameworkCore.Database.Command|Executed DbCommand (0ms) [Parameters=[], CommandType='Text', CommandTimeout='30']
SELECT "v"."id", "v"."deleted_at_utc", "v"."is_deleted", "v"."mitglieds_nummer", "v"."updated_at_utc", "v"."vereinsname"
FROM "vereine" AS "v"
2026-07-13 18:03:10.5111|INFO|Microsoft.EntityFrameworkCore.Database.Command|Executed DbCommand (44ms) [Parameters=[], CommandType='Text', CommandTimeout='30']
SELECT `v`.`id`, `v`.`deleted_at_utc`, `v`.`is_deleted`, `v`.`mitglieds_nummer`, `v`.`updated_at_utc`, `v`.`vereinsname`
FROM `vereine` AS `v`
2026-07-13 18:03:10.5313|INFO|Microsoft.EntityFrameworkCore.Database.Command|Executed DbCommand (0ms) [Parameters=[], CommandType='Text', CommandTimeout='30']
SELECT "w"."id", "w"."wetter", "w"."deleted_at_utc", "w"."is_deleted", "w"."updated_at_utc"
FROM "wetter" AS "w"
2026-07-13 18:03:10.5617|INFO|Microsoft.EntityFrameworkCore.Database.Command|Executed DbCommand (29ms) [Parameters=[], CommandType='Text', CommandTimeout='30']
SELECT `w`.`id`, `w`.`wetter`, `w`.`deleted_at_utc`, `w`.`is_deleted`, `w`.`updated_at_utc`
FROM `wetter` AS `w`
2026-07-13 18:03:10.6085|INFO|Microsoft.EntityFrameworkCore.Database.Command|Executed DbCommand (4ms) [Parameters=[@p0='?' (DbType = Int32), @p1='?' (DbType = DateTime), @p2='?' (Size = 3), @p3='?' (DbType = DateTime), @p4='?' (DbType = Double), @p5='?' (DbType = Double)], CommandType='Text', CommandTimeout='30']
INSERT INTO "disziplin" ("id", "deleted_at_utc", "disziplin", "updated_at_utc", "pf", "tf")
VALUES (@p0, @p1, @p2, @p3, @p4, @p5)
RETURNING "is_deleted";
2026-07-13 18:03:10.6085|INFO|Microsoft.EntityFrameworkCore.Database.Command|Executed DbCommand (0ms) [Parameters=[@p0='?' (DbType = Int32), @p1='?' (DbType = DateTime), @p2='?' (Size = 3), @p3='?' (DbType = DateTime), @p4='?' (DbType = Double), @p5='?' (DbType = Double)], CommandType='Text', CommandTimeout='30']
INSERT INTO "disziplin" ("id", "deleted_at_utc", "disziplin", "updated_at_utc", "pf", "tf")
VALUES (@p0, @p1, @p2, @p3, @p4, @p5)
RETURNING "is_deleted";
2026-07-13 18:03:10.6085|INFO|Microsoft.EntityFrameworkCore.Database.Command|Executed DbCommand (0ms) [Parameters=[@p0='?' (DbType = Int32), @p1='?' (DbType = DateTime), @p2='?' (Size = 6), @p3='?' (DbType = DateTime), @p4='?' (Size = 15)], CommandType='Text', CommandTimeout='30']
INSERT INTO "vereine" ("id", "deleted_at_utc", "mitglieds_nummer", "updated_at_utc", "vereinsname")
VALUES (@p0, @p1, @p2, @p3, @p4)
RETURNING "is_deleted";
2026-07-13 18:03:10.6085|INFO|Microsoft.EntityFrameworkCore.Database.Command|Executed DbCommand (0ms) [Parameters=[@p0='?' (DbType = Int32), @p1='?' (DbType = DateTime), @p2='?' (Size = 6), @p3='?' (DbType = DateTime), @p4='?' (Size = 13)], CommandType='Text', CommandTimeout='30']
INSERT INTO "vereine" ("id", "deleted_at_utc", "mitglieds_nummer", "updated_at_utc", "vereinsname")
VALUES (@p0, @p1, @p2, @p3, @p4)
RETURNING "is_deleted";
2026-07-13 18:03:10.6085|INFO|Microsoft.EntityFrameworkCore.Database.Command|Executed DbCommand (0ms) [Parameters=[@p0='?' (DbType = Int32), @p1='?' (DbType = DateTime), @p2='?' (Size = 6), @p3='?' (DbType = DateTime), @p4='?' (Size = 21)], CommandType='Text', CommandTimeout='30']
INSERT INTO "vereine" ("id", "deleted_at_utc", "mitglieds_nummer", "updated_at_utc", "vereinsname")
VALUES (@p0, @p1, @p2, @p3, @p4)
RETURNING "is_deleted";
2026-07-13 18:03:10.6085|INFO|Microsoft.EntityFrameworkCore.Database.Command|Executed DbCommand (0ms) [Parameters=[@p0='?' (DbType = Int32), @p1='?' (Size = 16), @p2='?' (DbType = DateTime), @p3='?' (DbType = DateTime)], CommandType='Text', CommandTimeout='30']
INSERT INTO "wetter" ("id", "wetter", "deleted_at_utc", "updated_at_utc")
VALUES (@p0, @p1, @p2, @p3)
RETURNING "is_deleted";
2026-07-13 18:03:10.6085|INFO|Microsoft.EntityFrameworkCore.Database.Command|Executed DbCommand (0ms) [Parameters=[@p0='?' (DbType = Int32), @p1='?' (Size = 6), @p2='?' (DbType = DateTime), @p3='?' (DbType = DateTime)], CommandType='Text', CommandTimeout='30']
INSERT INTO "wetter" ("id", "wetter", "deleted_at_utc", "updated_at_utc")
VALUES (@p0, @p1, @p2, @p3)
RETURNING "is_deleted";
2026-07-13 18:03:10.6085|INFO|Microsoft.EntityFrameworkCore.Database.Command|Executed DbCommand (0ms) [Parameters=[@p0='?' (DbType = Int32), @p1='?' (Size = 11), @p2='?' (DbType = DateTime), @p3='?' (DbType = DateTime)], CommandType='Text', CommandTimeout='30']
INSERT INTO "wetter" ("id", "wetter", "deleted_at_utc", "updated_at_utc")
VALUES (@p0, @p1, @p2, @p3)
RETURNING "is_deleted";
2026-07-13 18:03:10.6085|INFO|Microsoft.EntityFrameworkCore.Database.Command|Executed DbCommand (0ms) [Parameters=[@p0='?' (DbType = Int32), @p1='?' (Size = 17), @p2='?' (DbType = DateTime), @p3='?' (DbType = DateTime)], CommandType='Text', CommandTimeout='30']
INSERT INTO "wetter" ("id", "wetter", "deleted_at_utc", "updated_at_utc")
VALUES (@p0, @p1, @p2, @p3)
RETURNING "is_deleted";
2026-07-13 18:03:10.6085|INFO|Microsoft.EntityFrameworkCore.Database.Command|Executed DbCommand (0ms) [Parameters=[@p0='?' (DbType = Int32), @p1='?' (Size = 12), @p2='?' (DbType = DateTime), @p3='?' (DbType = DateTime)], CommandType='Text', CommandTimeout='30']
INSERT INTO "wetter" ("id", "wetter", "deleted_at_utc", "updated_at_utc")
VALUES (@p0, @p1, @p2, @p3)
RETURNING "is_deleted";
2026-07-13 18:03:10.6085|INFO|Microsoft.EntityFrameworkCore.Database.Command|Executed DbCommand (0ms) [Parameters=[@p0='?' (DbType = Int32), @p1='?' (Size = 7), @p2='?' (DbType = DateTime), @p3='?' (DbType = DateTime)], CommandType='Text', CommandTimeout='30']
INSERT INTO "wetter" ("id", "wetter", "deleted_at_utc", "updated_at_utc")
VALUES (@p0, @p1, @p2, @p3)
RETURNING "is_deleted";
2026-07-13 18:03:10.6085|INFO|Microsoft.EntityFrameworkCore.Database.Command|Executed DbCommand (0ms) [Parameters=[@p0='?' (DbType = Int32), @p1='?' (Size = 12), @p2='?' (DbType = DateTime), @p3='?' (DbType = DateTime)], CommandType='Text', CommandTimeout='30']
INSERT INTO "wetter" ("id", "wetter", "deleted_at_utc", "updated_at_utc")
VALUES (@p0, @p1, @p2, @p3)
RETURNING "is_deleted";
2026-07-13 18:03:10.6085|INFO|Microsoft.EntityFrameworkCore.Database.Command|Executed DbCommand (0ms) [Parameters=[@p0='?' (DbType = Int32), @p1='?' (Size = 11), @p2='?' (DbType = DateTime), @p3='?' (DbType = DateTime)], CommandType='Text', CommandTimeout='30']
INSERT INTO "wetter" ("id", "wetter", "deleted_at_utc", "updated_at_utc")
VALUES (@p0, @p1, @p2, @p3)
RETURNING "is_deleted";
2026-07-13 18:03:10.6085|INFO|Microsoft.EntityFrameworkCore.Database.Command|Executed DbCommand (0ms) [Parameters=[@p0='?' (DbType = Int32), @p1='?' (Size = 21), @p2='?' (DbType = DateTime), @p3='?' (DbType = DateTime)], CommandType='Text', CommandTimeout='30']
INSERT INTO "wetter" ("id", "wetter", "deleted_at_utc", "updated_at_utc")
VALUES (@p0, @p1, @p2, @p3)
RETURNING "is_deleted";
2026-07-13 18:03:10.6085|INFO|Microsoft.EntityFrameworkCore.Database.Command|Executed DbCommand (0ms) [Parameters=[@p0='?' (DbType = Int32), @p1='?' (Size = 16), @p2='?' (DbType = DateTime), @p3='?' (DbType = DateTime)], CommandType='Text', CommandTimeout='30']
INSERT INTO "wetter" ("id", "wetter", "deleted_at_utc", "updated_at_utc")
VALUES (@p0, @p1, @p2, @p3)
RETURNING "is_deleted";
2026-07-13 18:03:10.6085|INFO|Microsoft.EntityFrameworkCore.Database.Command|Executed DbCommand (0ms) [Parameters=[@p0='?' (DbType = Int32), @p1='?' (Size = 11), @p2='?' (DbType = DateTime), @p3='?' (DbType = DateTime)], CommandType='Text', CommandTimeout='30']
INSERT INTO "wetter" ("id", "wetter", "deleted_at_utc", "updated_at_utc")
VALUES (@p0, @p1, @p2, @p3)
RETURNING "is_deleted";
2026-07-13 18:03:10.6085|INFO|Microsoft.EntityFrameworkCore.Database.Command|Executed DbCommand (0ms) [Parameters=[@p0='?' (DbType = Int32), @p1='?' (Size = 16), @p2='?' (DbType = DateTime), @p3='?' (DbType = DateTime)], CommandType='Text', CommandTimeout='30']
INSERT INTO "wetter" ("id", "wetter", "deleted_at_utc", "updated_at_utc")
VALUES (@p0, @p1, @p2, @p3)
RETURNING "is_deleted";
2026-07-13 18:03:10.6264|INFO|Microsoft.EntityFrameworkCore.Database.Command|Executed DbCommand (0ms) [Parameters=[], CommandType='Text', CommandTimeout='30']
SELECT "f"."id", "f"."deleted_at_utc", "f"."geburtsdatum", "f"."is_deleted", "f"."nachname", "f"."updated_at_utc", "f"."fk_id_verein", "f"."vorname"
FROM "fahrer" AS "f"
2026-07-13 18:03:10.6637|INFO|Microsoft.EntityFrameworkCore.Database.Command|Executed DbCommand (36ms) [Parameters=[], CommandType='Text', CommandTimeout='30']
SELECT `f`.`id`, `f`.`deleted_at_utc`, `f`.`geburtsdatum`, `f`.`is_deleted`, `f`.`nachname`, `f`.`updated_at_utc`, `f`.`fk_id_verein`, `f`.`vorname`
FROM `fahrer` AS `f`
2026-07-13 18:03:10.6877|INFO|Microsoft.EntityFrameworkCore.Database.Command|Executed DbCommand (0ms) [Parameters=[], CommandType='Text', CommandTimeout='30']
SELECT "t"."id", "t"."beschreibung", "t"."deleted_at_utc", "t"."fk_id_disziplin", "t"."is_deleted", "t"."name", "t"."training_abgeschlossen", "t"."updated_at_utc", "t"."fk_id_verein", "t"."fk_id_wetter", "t"."zeitpunkt"
FROM "training" AS "t"
2026-07-13 18:03:10.7173|INFO|Microsoft.EntityFrameworkCore.Database.Command|Executed DbCommand (28ms) [Parameters=[], CommandType='Text', CommandTimeout='30']
SELECT `t`.`id`, `t`.`beschreibung`, `t`.`deleted_at_utc`, `t`.`fk_id_disziplin`, `t`.`is_deleted`, `t`.`name`, `t`.`training_abgeschlossen`, `t`.`updated_at_utc`, `t`.`fk_id_verein`, `t`.`fk_id_wetter`, `t`.`zeitpunkt`
FROM `training` AS `t`
2026-07-13 18:03:10.7390|INFO|Microsoft.EntityFrameworkCore.Database.Command|Executed DbCommand (0ms) [Parameters=[], CommandType='Text', CommandTimeout='30']
SELECT "k"."id", "k"."Chassis", "k"."deleted_at_utc", "k"."fk_id_disziplin", "k"."is_deleted", "k"."Motor", "k"."Name", "k"."updated_at_utc", "k"."fk_id_verein"
FROM "karts" AS "k"
2026-07-13 18:03:10.7775|INFO|Microsoft.EntityFrameworkCore.Database.Command|Executed DbCommand (37ms) [Parameters=[], CommandType='Text', CommandTimeout='30']
SELECT `k`.`id`, `k`.`Chassis`, `k`.`deleted_at_utc`, `k`.`fk_id_disziplin`, `k`.`is_deleted`, `k`.`Motor`, `k`.`Name`, `k`.`updated_at_utc`, `k`.`fk_id_verein`
FROM `karts` AS `k`
2026-07-13 18:03:10.8187|INFO|Microsoft.EntityFrameworkCore.Database.Command|Executed DbCommand (1ms) [Parameters=[@p0='?' (DbType = Int32), @p1='?' (DbType = DateTime), @p2='?' (DbType = Date), @p3='?' (Size = 10), @p4='?' (DbType = DateTime), @p5='?' (DbType = Int32), @p6='?' (Size = 6)], CommandType='Text', CommandTimeout='30']
INSERT INTO "fahrer" ("id", "deleted_at_utc", "geburtsdatum", "nachname", "updated_at_utc", "fk_id_verein", "vorname")
VALUES (@p0, @p1, @p2, @p3, @p4, @p5, @p6)
RETURNING "is_deleted";
2026-07-13 18:03:10.8187|INFO|Microsoft.EntityFrameworkCore.Database.Command|Executed DbCommand (0ms) [Parameters=[@p0='?' (DbType = Int32), @p1='?' (DbType = DateTime), @p2='?' (DbType = Date), @p3='?' (Size = 5), @p4='?' (DbType = DateTime), @p5='?' (DbType = Int32), @p6='?' (Size = 5)], CommandType='Text', CommandTimeout='30']
INSERT INTO "fahrer" ("id", "deleted_at_utc", "geburtsdatum", "nachname", "updated_at_utc", "fk_id_verein", "vorname")
VALUES (@p0, @p1, @p2, @p3, @p4, @p5, @p6)
RETURNING "is_deleted";
2026-07-13 18:03:10.8187|INFO|Microsoft.EntityFrameworkCore.Database.Command|Executed DbCommand (0ms) [Parameters=[@p0='?' (DbType = Int32), @p1='?' (DbType = DateTime), @p2='?' (DbType = Date), @p3='?' (Size = 5), @p4='?' (DbType = DateTime), @p5='?' (DbType = Int32), @p6='?' (Size = 7)], CommandType='Text', CommandTimeout='30']
INSERT INTO "fahrer" ("id", "deleted_at_utc", "geburtsdatum", "nachname", "updated_at_utc", "fk_id_verein", "vorname")
VALUES (@p0, @p1, @p2, @p3, @p4, @p5, @p6)
RETURNING "is_deleted";
2026-07-13 18:03:10.8187|INFO|Microsoft.EntityFrameworkCore.Database.Command|Executed DbCommand (0ms) [Parameters=[@p0='?' (DbType = Int32), @p1='?' (DbType = DateTime), @p2='?' (DbType = Date), @p3='?' (Size = 5), @p4='?' (DbType = DateTime), @p5='?' (DbType = Int32), @p6='?' (Size = 6)], CommandType='Text', CommandTimeout='30']
INSERT INTO "fahrer" ("id", "deleted_at_utc", "geburtsdatum", "nachname", "updated_at_utc", "fk_id_verein", "vorname")
VALUES (@p0, @p1, @p2, @p3, @p4, @p5, @p6)
RETURNING "is_deleted";
2026-07-13 18:03:10.8187|INFO|Microsoft.EntityFrameworkCore.Database.Command|Executed DbCommand (0ms) [Parameters=[@p0='?' (DbType = Int32), @p1='?' (Size = 12), @p2='?' (DbType = DateTime), @p3='?' (DbType = Int32), @p4='?' (Size = 21), @p5='?' (Size = 6), @p6='?' (DbType = DateTime), @p7='?' (DbType = Int32)], CommandType='Text', CommandTimeout='30']
INSERT INTO "karts" ("id", "Chassis", "deleted_at_utc", "fk_id_disziplin", "Motor", "Name", "updated_at_utc", "fk_id_verein")
VALUES (@p0, @p1, @p2, @p3, @p4, @p5, @p6, @p7)
RETURNING "is_deleted";
2026-07-13 18:03:10.8187|INFO|Microsoft.EntityFrameworkCore.Database.Command|Executed DbCommand (0ms) [Parameters=[@p0='?' (DbType = Int32), @p1='?' (Size = 12), @p2='?' (DbType = DateTime), @p3='?' (DbType = Int32), @p4='?' (Size = 21), @p5='?' (Size = 6), @p6='?' (DbType = DateTime), @p7='?' (DbType = Int32)], CommandType='Text', CommandTimeout='30']
INSERT INTO "karts" ("id", "Chassis", "deleted_at_utc", "fk_id_disziplin", "Motor", "Name", "updated_at_utc", "fk_id_verein")
VALUES (@p0, @p1, @p2, @p3, @p4, @p5, @p6, @p7)
RETURNING "is_deleted";
2026-07-13 18:03:10.8220|INFO|Microsoft.EntityFrameworkCore.Database.Command|Executed DbCommand (0ms) [Parameters=[@p0='?' (DbType = Int32), @p1='?' (Size = 1), @p2='?' (DbType = DateTime), @p3='?' (DbType = Int32), @p4='?' (Size = 12), @p5='?' (DbType = Boolean), @p6='?' (DbType = DateTime), @p7='?' (DbType = Int32), @p8='?' (DbType = Int32), @p9='?' (DbType = Date)], CommandType='Text', CommandTimeout='30']
INSERT INTO "training" ("id", "beschreibung", "deleted_at_utc", "fk_id_disziplin", "name", "training_abgeschlossen", "updated_at_utc", "fk_id_verein", "fk_id_wetter", "zeitpunkt")
VALUES (@p0, @p1, @p2, @p3, @p4, @p5, @p6, @p7, @p8, @p9)
RETURNING "is_deleted";
2026-07-13 18:03:10.8220|INFO|Microsoft.EntityFrameworkCore.Database.Command|Executed DbCommand (0ms) [Parameters=[@p0='?' (DbType = Int32), @p1='?' (Size = 4), @p2='?' (DbType = DateTime), @p3='?' (DbType = Int32), @p4='?' (Size = 3), @p5='?' (DbType = Boolean), @p6='?' (DbType = DateTime), @p7='?' (DbType = Int32), @p8='?' (DbType = Int32), @p9='?' (DbType = Date)], CommandType='Text', CommandTimeout='30']
INSERT INTO "training" ("id", "beschreibung", "deleted_at_utc", "fk_id_disziplin", "name", "training_abgeschlossen", "updated_at_utc", "fk_id_verein", "fk_id_wetter", "zeitpunkt")
VALUES (@p0, @p1, @p2, @p3, @p4, @p5, @p6, @p7, @p8, @p9)
RETURNING "is_deleted";
2026-07-13 18:03:10.8220|INFO|Microsoft.EntityFrameworkCore.Database.Command|Executed DbCommand (0ms) [Parameters=[], CommandType='Text', CommandTimeout='30']
SELECT "t"."id", "t"."datum", "t"."deleted_at_utc", "t"."fk_id_fahrer", "t"."is_deleted", "t"."fk_id_kart", "t"."fk_id_training", "t"."updated_at_utc"
FROM "tstints" AS "t"
2026-07-13 18:03:10.8634|INFO|Microsoft.EntityFrameworkCore.Database.Command|Executed DbCommand (33ms) [Parameters=[], CommandType='Text', CommandTimeout='30']
SELECT `t`.`id`, `t`.`datum`, `t`.`deleted_at_utc`, `t`.`fk_id_fahrer`, `t`.`is_deleted`, `t`.`fk_id_kart`, `t`.`fk_id_training`, `t`.`updated_at_utc`
FROM `tstints` AS `t`
2026-07-13 18:03:10.8841|INFO|Microsoft.EntityFrameworkCore.Database.Command|Executed DbCommand (0ms) [Parameters=[], CommandType='Text', CommandTimeout='30']
SELECT "f"."fk_id_training", "f"."fk_id_fahrer", "f"."deleted_at_utc", "f"."is_deleted", "f"."reihenfolge", "f"."updated_at_utc"
FROM "fahrer_im_training" AS "f"
2026-07-13 18:03:10.9276|INFO|Microsoft.EntityFrameworkCore.Database.Command|Executed DbCommand (42ms) [Parameters=[], CommandType='Text', CommandTimeout='30']
SELECT `f`.`fk_id_training`, `f`.`fk_id_fahrer`, `f`.`deleted_at_utc`, `f`.`is_deleted`, `f`.`reihenfolge`, `f`.`updated_at_utc`
FROM `fahrer_im_training` AS `f`
2026-07-13 18:03:10.9534|INFO|Microsoft.EntityFrameworkCore.Database.Command|Executed DbCommand (0ms) [Parameters=[@p0='?' (DbType = Int32), @p1='?' (DbType = Int32), @p2='?' (DbType = DateTime), @p3='?' (DbType = Int32), @p4='?' (DbType = DateTime)], CommandType='Text', CommandTimeout='30']
INSERT INTO "fahrer_im_training" ("fk_id_fahrer", "fk_id_training", "deleted_at_utc", "reihenfolge", "updated_at_utc")
VALUES (@p0, @p1, @p2, @p3, @p4)
RETURNING "is_deleted";
2026-07-13 18:03:10.9534|INFO|Microsoft.EntityFrameworkCore.Database.Command|Executed DbCommand (0ms) [Parameters=[@p0='?' (DbType = Int32), @p1='?' (DbType = Int32), @p2='?' (DbType = DateTime), @p3='?' (DbType = Int32), @p4='?' (DbType = DateTime)], CommandType='Text', CommandTimeout='30']
INSERT INTO "fahrer_im_training" ("fk_id_fahrer", "fk_id_training", "deleted_at_utc", "reihenfolge", "updated_at_utc")
VALUES (@p0, @p1, @p2, @p3, @p4)
RETURNING "is_deleted";
2026-07-13 18:03:10.9534|INFO|Microsoft.EntityFrameworkCore.Database.Command|Executed DbCommand (0ms) [Parameters=[@p0='?' (DbType = Int32), @p1='?' (DbType = Int32), @p2='?' (DbType = DateTime), @p3='?' (DbType = Int32), @p4='?' (DbType = DateTime)], CommandType='Text', CommandTimeout='30']
INSERT INTO "fahrer_im_training" ("fk_id_fahrer", "fk_id_training", "deleted_at_utc", "reihenfolge", "updated_at_utc")
VALUES (@p0, @p1, @p2, @p3, @p4)
RETURNING "is_deleted";
2026-07-13 18:03:10.9534|INFO|Microsoft.EntityFrameworkCore.Database.Command|Executed DbCommand (0ms) [Parameters=[@p0='?' (DbType = Int32), @p1='?' (DbType = Int32), @p2='?' (DbType = DateTime), @p3='?' (DbType = Int32), @p4='?' (DbType = DateTime)], CommandType='Text', CommandTimeout='30']
INSERT INTO "fahrer_im_training" ("fk_id_fahrer", "fk_id_training", "deleted_at_utc", "reihenfolge", "updated_at_utc")
VALUES (@p0, @p1, @p2, @p3, @p4)
RETURNING "is_deleted";
2026-07-13 18:03:10.9534|INFO|Microsoft.EntityFrameworkCore.Database.Command|Executed DbCommand (0ms) [Parameters=[@p0='?' (DbType = Int32), @p1='?' (DbType = Int32), @p2='?' (DbType = DateTime), @p3='?' (DbType = Int32), @p4='?' (DbType = DateTime)], CommandType='Text', CommandTimeout='30']
INSERT INTO "fahrer_im_training" ("fk_id_fahrer", "fk_id_training", "deleted_at_utc", "reihenfolge", "updated_at_utc")
VALUES (@p0, @p1, @p2, @p3, @p4)
RETURNING "is_deleted";
2026-07-13 18:03:10.9534|INFO|Microsoft.EntityFrameworkCore.Database.Command|Executed DbCommand (0ms) [Parameters=[@p0='?' (DbType = Int32), @p1='?' (DbType = Int32), @p2='?' (DbType = DateTime), @p3='?' (DbType = Int32), @p4='?' (DbType = DateTime)], CommandType='Text', CommandTimeout='30']
INSERT INTO "fahrer_im_training" ("fk_id_fahrer", "fk_id_training", "deleted_at_utc", "reihenfolge", "updated_at_utc")
VALUES (@p0, @p1, @p2, @p3, @p4)
RETURNING "is_deleted";
2026-07-13 18:03:10.9534|INFO|Microsoft.EntityFrameworkCore.Database.Command|Executed DbCommand (0ms) [Parameters=[@p0='?' (DbType = Int32), @p1='?' (DbType = Int32), @p2='?' (DbType = DateTime), @p3='?' (DbType = Int32), @p4='?' (DbType = DateTime)], CommandType='Text', CommandTimeout='30']
INSERT INTO "fahrer_im_training" ("fk_id_fahrer", "fk_id_training", "deleted_at_utc", "reihenfolge", "updated_at_utc")
VALUES (@p0, @p1, @p2, @p3, @p4)
RETURNING "is_deleted";
2026-07-13 18:03:10.9534|INFO|Microsoft.EntityFrameworkCore.Database.Command|Executed DbCommand (0ms) [Parameters=[@p0='?' (DbType = Int32), @p1='?' (DbType = Int32), @p2='?' (DbType = DateTime), @p3='?' (DbType = Boolean), @p4='?' (DbType = DateTime)], CommandType='Text', CommandTimeout='30']
INSERT INTO "fahrer_im_training" ("fk_id_fahrer", "fk_id_training", "deleted_at_utc", "is_deleted", "updated_at_utc")
VALUES (@p0, @p1, @p2, @p3, @p4)
RETURNING "reihenfolge";
2026-07-13 18:03:10.9534|INFO|Microsoft.EntityFrameworkCore.Database.Command|Executed DbCommand (0ms) [Parameters=[@p0='?' (DbType = Int32), @p1='?' (DbType = DateTime), @p2='?' (DbType = DateTime), @p3='?' (DbType = Int32), @p4='?' (DbType = Int32), @p5='?' (DbType = Int32), @p6='?' (DbType = DateTime)], CommandType='Text', CommandTimeout='30']
INSERT INTO "tstints" ("id", "datum", "deleted_at_utc", "fk_id_fahrer", "fk_id_kart", "fk_id_training", "updated_at_utc")
VALUES (@p0, @p1, @p2, @p3, @p4, @p5, @p6)
RETURNING "is_deleted";
2026-07-13 18:03:10.9534|INFO|Microsoft.EntityFrameworkCore.Database.Command|Executed DbCommand (0ms) [Parameters=[@p0='?' (DbType = Int32), @p1='?' (DbType = DateTime), @p2='?' (DbType = DateTime), @p3='?' (DbType = Int32), @p4='?' (DbType = Int32), @p5='?' (DbType = Int32), @p6='?' (DbType = DateTime)], CommandType='Text', CommandTimeout='30']
INSERT INTO "tstints" ("id", "datum", "deleted_at_utc", "fk_id_fahrer", "fk_id_kart", "fk_id_training", "updated_at_utc")
VALUES (@p0, @p1, @p2, @p3, @p4, @p5, @p6)
RETURNING "is_deleted";
2026-07-13 18:03:10.9534|INFO|Microsoft.EntityFrameworkCore.Database.Command|Executed DbCommand (0ms) [Parameters=[], CommandType='Text', CommandTimeout='30']
SELECT "t"."id", "t"."deleted_at_utc", "t"."is_deleted", "t"."pf", "t"."runde", "t"."rundenzeit", "t"."tf", "t"."fk_id_tstint", "t"."ungueltig", "t"."updated_at_utc"
FROM "trunden" AS "t"
2026-07-13 18:03:10.9931|INFO|Microsoft.EntityFrameworkCore.Database.Command|Executed DbCommand (30ms) [Parameters=[], CommandType='Text', CommandTimeout='30']
SELECT `t`.`id`, `t`.`deleted_at_utc`, `t`.`is_deleted`, `t`.`pf`, `t`.`runde`, `t`.`rundenzeit`, `t`.`tf`, `t`.`fk_id_tstint`, `t`.`ungueltig`, `t`.`updated_at_utc`
FROM `trunden` AS `t`
2026-07-13 18:03:11.0140|INFO|Microsoft.EntityFrameworkCore.Database.Command|Executed DbCommand (0ms) [Parameters=[], CommandType='Text', CommandTimeout='30']
SELECT "s"."id", "s"."last_sync_utc"
FROM "sync_state" AS "s"
WHERE "s"."id" = 'global'
LIMIT 1
2026-07-13 18:03:11.0486|INFO|Microsoft.EntityFrameworkCore.Database.Command|Executed DbCommand (31ms) [Parameters=[], CommandType='Text', CommandTimeout='30']
SELECT `s`.`id`, `s`.`last_sync_utc`
FROM `sync_state` AS `s`
WHERE `s`.`id` = 'global'
LIMIT 1
2026-07-13 18:03:11.0639|INFO|Microsoft.EntityFrameworkCore.Database.Command|Executed DbCommand (0ms) [Parameters=[@p0='?' (Size = 6), @p1='?' (DbType = DateTime)], CommandType='Text', CommandTimeout='30']
INSERT INTO "sync_state" ("id", "last_sync_utc")
VALUES (@p0, @p1);
2026-07-13 18:03:11.0639|INFO|Microsoft.EntityFrameworkCore.Database.Command|Executed DbCommand (0ms) [Parameters=[@p0='?' (DbType = Int32), @p1='?' (DbType = DateTime), @p2='?' (DbType = Int32), @p3='?' (DbType = Int32), @p4='?' (DbType = Double), @p5='?' (DbType = Int32), @p6='?' (DbType = Int32), @p7='?' (DbType = DateTime)], CommandType='Text', CommandTimeout='30']
INSERT INTO "trunden" ("id", "deleted_at_utc", "pf", "runde", "rundenzeit", "tf", "fk_id_tstint", "updated_at_utc")
VALUES (@p0, @p1, @p2, @p3, @p4, @p5, @p6, @p7)
RETURNING "is_deleted", "ungueltig";
2026-07-13 18:03:11.0639|INFO|Microsoft.EntityFrameworkCore.Database.Command|Executed DbCommand (0ms) [Parameters=[@p0='?' (DbType = Int32), @p1='?' (DbType = DateTime), @p2='?' (DbType = Int32), @p3='?' (DbType = Int32), @p4='?' (DbType = Double), @p5='?' (DbType = Int32), @p6='?' (DbType = Int32), @p7='?' (DbType = DateTime)], CommandType='Text', CommandTimeout='30']
INSERT INTO "trunden" ("id", "deleted_at_utc", "pf", "runde", "rundenzeit", "tf", "fk_id_tstint", "updated_at_utc")
VALUES (@p0, @p1, @p2, @p3, @p4, @p5, @p6, @p7)
RETURNING "is_deleted", "ungueltig";
2026-07-13 18:03:11.0639|INFO|Microsoft.EntityFrameworkCore.Database.Command|Executed DbCommand (0ms) [Parameters=[@p0='?' (DbType = Int32), @p1='?' (DbType = DateTime), @p2='?' (DbType = Int32), @p3='?' (DbType = Int32), @p4='?' (DbType = Double), @p5='?' (DbType = Int32), @p6='?' (DbType = Int32), @p7='?' (DbType = DateTime)], CommandType='Text', CommandTimeout='30']
INSERT INTO "trunden" ("id", "deleted_at_utc", "pf", "runde", "rundenzeit", "tf", "fk_id_tstint", "updated_at_utc")
VALUES (@p0, @p1, @p2, @p3, @p4, @p5, @p6, @p7)
RETURNING "is_deleted", "ungueltig";
2026-07-13 18:03:11.0639|INFO|Microsoft.EntityFrameworkCore.Database.Command|Executed DbCommand (0ms) [Parameters=[@p0='?' (DbType = Int32), @p1='?' (DbType = DateTime), @p2='?' (DbType = Int32), @p3='?' (DbType = Int32), @p4='?' (DbType = Double), @p5='?' (DbType = Int32), @p6='?' (DbType = Int32), @p7='?' (DbType = DateTime)], CommandType='Text', CommandTimeout='30']
INSERT INTO "trunden" ("id", "deleted_at_utc", "pf", "runde", "rundenzeit", "tf", "fk_id_tstint", "updated_at_utc")
VALUES (@p0, @p1, @p2, @p3, @p4, @p5, @p6, @p7)
RETURNING "is_deleted", "ungueltig";
2026-07-13 18:03:11.0639|INFO|Microsoft.EntityFrameworkCore.Database.Command|Executed DbCommand (0ms) [Parameters=[@p0='?' (DbType = Int32), @p1='?' (DbType = DateTime), @p2='?' (DbType = Int32), @p3='?' (DbType = Int32), @p4='?' (DbType = Double), @p5='?' (DbType = Int32), @p6='?' (DbType = Int32), @p7='?' (DbType = DateTime)], CommandType='Text', CommandTimeout='30']
INSERT INTO "trunden" ("id", "deleted_at_utc", "pf", "runde", "rundenzeit", "tf", "fk_id_tstint", "updated_at_utc")
VALUES (@p0, @p1, @p2, @p3, @p4, @p5, @p6, @p7)
RETURNING "is_deleted", "ungueltig";
2026-07-13 18:03:11.0639|INFO|Microsoft.EntityFrameworkCore.Database.Command|Executed DbCommand (0ms) [Parameters=[@p0='?' (DbType = Int32), @p1='?' (DbType = DateTime), @p2='?' (DbType = Int32), @p3='?' (DbType = Int32), @p4='?' (DbType = Double), @p5='?' (DbType = Int32), @p6='?' (DbType = Int32), @p7='?' (DbType = DateTime)], CommandType='Text', CommandTimeout='30']
INSERT INTO "trunden" ("id", "deleted_at_utc", "pf", "runde", "rundenzeit", "tf", "fk_id_tstint", "updated_at_utc")
VALUES (@p0, @p1, @p2, @p3, @p4, @p5, @p6, @p7)
RETURNING "is_deleted", "ungueltig";
2026-07-13 18:03:11.1553|INFO|Microsoft.EntityFrameworkCore.Database.Command|Executed DbCommand (33ms) [Parameters=[@p1='?' (Size = 50), @p0='?' (DbType = DateTime)], CommandType='Text', CommandTimeout='30']
SET AUTOCOMMIT = 1;
UPDATE `sync_state` SET `last_sync_utc` = @p0
WHERE `id` = @p1;
SELECT ROW_COUNT();
2026-07-13 18:03:11.2304|INFO|OpenSlalom.Data.DataSyncService|Bidirektionale Synchronisierung erfolgreich beendet.
2026-07-13 18:03:11.2304|INFO|Microsoft.EntityFrameworkCore.Database.Command|Executed DbCommand (0ms) [Parameters=[], CommandType='Text', CommandTimeout='30']
SELECT "d"."id", "d"."disziplin", "d"."tf", "d"."pf"
FROM "disziplin" AS "d"
WHERE NOT ("d"."is_deleted")
ORDER BY "d"."disziplin"
2026-07-13 18:03:11.2304|INFO|Microsoft.EntityFrameworkCore.Database.Command|Executed DbCommand (0ms) [Parameters=[], CommandType='Text', CommandTimeout='30']
SELECT "v"."id" AS "Id", "v"."vereinsname" AS "Vereinsname", "v"."mitglieds_nummer" AS "MitgliedsNummer"
FROM "vereine" AS "v"
WHERE NOT ("v"."is_deleted")
ORDER BY "v"."vereinsname"
2026-07-13 18:03:11.2441|INFO|Microsoft.EntityFrameworkCore.Database.Command|Executed DbCommand (0ms) [Parameters=[], CommandType='Text', CommandTimeout='30']
SELECT "t"."id", "t"."fk_id_verein", "t"."fk_id_disziplin", "t"."fk_id_wetter", "t"."name", "t"."beschreibung", "t"."zeitpunkt", "t"."training_abgeschlossen", CASE
    WHEN "t"."training_abgeschlossen" THEN 'Ja'
    ELSE 'Nein'
END, "t0"."vereinsname", "t1"."disziplin", "t2"."wetter"
FROM "training" AS "t"
INNER JOIN (
    SELECT "v"."id", "v"."vereinsname"
    FROM "vereine" AS "v"
    WHERE NOT ("v"."is_deleted")
) AS "t0" ON "t"."fk_id_verein" = "t0"."id"
INNER JOIN (
    SELECT "d"."id", "d"."disziplin"
    FROM "disziplin" AS "d"
    WHERE NOT ("d"."is_deleted")
) AS "t1" ON "t"."fk_id_disziplin" = "t1"."id"
INNER JOIN (
    SELECT "w"."id", "w"."wetter"
    FROM "wetter" AS "w"
    WHERE NOT ("w"."is_deleted")
) AS "t2" ON "t"."fk_id_wetter" = "t2"."id"
WHERE NOT ("t"."is_deleted")
ORDER BY "t"."zeitpunkt" DESC, "t"."name"
2026-07-13 18:03:11.2441|INFO|Microsoft.EntityFrameworkCore.Database.Command|Executed DbCommand (0ms) [Parameters=[], CommandType='Text', CommandTimeout='30']
SELECT "f"."id", "f"."fk_id_verein", "f"."vorname", COALESCE("f"."nachname", ''), "f"."geburtsdatum", "f"."geburtsdatum" IS NOT NULL, "t"."vereinsname"
FROM "fahrer" AS "f"
INNER JOIN (
    SELECT "v"."id", "v"."vereinsname"
    FROM "vereine" AS "v"
    WHERE NOT ("v"."is_deleted")
) AS "t" ON "f"."fk_id_verein" = "t"."id"
WHERE NOT ("f"."is_deleted")
ORDER BY "f"."vorname", "f"."nachname"
2026-07-13 18:03:11.2441|INFO|Microsoft.EntityFrameworkCore.Database.Command|Executed DbCommand (0ms) [Parameters=[], CommandType='Text', CommandTimeout='30']
SELECT "k"."id" AS "Id", "k"."fk_id_verein" AS "VereinId", "k"."fk_id_disziplin" AS "DisziplinId", COALESCE("k"."Name", '') AS "Name", COALESCE("k"."Motor", '') AS "Motor", COALESCE("k"."Chassis", '') AS "Chassis", "t"."vereinsname" AS "VereinName", "t0"."disziplin" AS "DisziplinName"
FROM "karts" AS "k"
INNER JOIN (
    SELECT "v"."id", "v"."vereinsname"
    FROM "vereine" AS "v"
    WHERE NOT ("v"."is_deleted")
) AS "t" ON "k"."fk_id_verein" = "t"."id"
INNER JOIN (
    SELECT "d"."id", "d"."disziplin"
    FROM "disziplin" AS "d"
    WHERE NOT ("d"."is_deleted")
) AS "t0" ON "k"."fk_id_disziplin" = "t0"."id"
WHERE NOT ("k"."is_deleted")
ORDER BY "k"."Name"
2026-07-13 18:03:11.2441|INFO|Microsoft.EntityFrameworkCore.Database.Command|Executed DbCommand (0ms) [Parameters=[], CommandType='Text', CommandTimeout='30']
SELECT "w"."id" AS "Id", "w"."wetter" AS "Name"
FROM "wetter" AS "w"
WHERE NOT ("w"."is_deleted")
ORDER BY "w"."wetter"
2026-07-13 18:03:11.2441|INFO|Microsoft.EntityFrameworkCore.Database.Command|Executed DbCommand (0ms) [Parameters=[], CommandType='Text', CommandTimeout='30']
SELECT "v"."id" AS "Id", "v"."vereinsname" AS "Name"
FROM "vereine" AS "v"
WHERE NOT ("v"."is_deleted")
ORDER BY "v"."vereinsname"
2026-07-13 18:03:11.2441|INFO|Microsoft.EntityFrameworkCore.Database.Command|Executed DbCommand (0ms) [Parameters=[], CommandType='Text', CommandTimeout='30']
SELECT "d"."id" AS "Id", "d"."disziplin" AS "Name"
FROM "disziplin" AS "d"
WHERE NOT ("d"."is_deleted")
ORDER BY "d"."disziplin"
2026-07-13 18:03:11.2441|INFO|Microsoft.EntityFrameworkCore.Database.Command|Executed DbCommand (0ms) [Parameters=[], CommandType='Text', CommandTimeout='30']
SELECT "w"."id" AS "Id", "w"."wetter" AS "Name"
FROM "wetter" AS "w"
WHERE NOT ("w"."is_deleted")
ORDER BY "w"."wetter"
2026-07-13 18:03:11.2441|INFO|Microsoft.EntityFrameworkCore.Database.Command|Executed DbCommand (0ms) [Parameters=[], CommandType='Text', CommandTimeout='30']
SELECT "k"."id", "k"."Name" IS NULL OR trim("k"."Name") = '', "k"."Name"
FROM "karts" AS "k"
WHERE NOT ("k"."is_deleted")
ORDER BY "k"."Name", "k"."id"
2026-07-13 18:03:11.5090|INFO|Microsoft.EntityFrameworkCore.Database.Command|Executed DbCommand (0ms) [Parameters=[], CommandType='Text', CommandTimeout='30']
SELECT "s"."id", "s"."last_sync_utc"
FROM "sync_state" AS "s"
WHERE "s"."id" = 'global'
LIMIT 1
2026-07-13 18:03:11.6019|INFO|Microsoft.EntityFrameworkCore.Database.Command|Executed DbCommand (47ms) [Parameters=[], CommandType='Text', CommandTimeout='30']
SELECT `s`.`id`, `s`.`last_sync_utc`
FROM `sync_state` AS `s`
WHERE `s`.`id` = 'global'
LIMIT 1
2026-07-13 18:03:11.6019|INFO|Microsoft.EntityFrameworkCore.Database.Command|Executed DbCommand (0ms) [Parameters=[@__lastSyncUtc_0='?' (DbType = DateTime)], CommandType='Text', CommandTimeout='30']
SELECT COUNT(*)
FROM "disziplin" AS "d"
WHERE "d"."updated_at_utc" > @__lastSyncUtc_0
2026-07-13 18:03:11.6029|INFO|Microsoft.EntityFrameworkCore.Database.Command|Executed DbCommand (0ms) [Parameters=[@__lastSyncUtc_0='?' (DbType = DateTime)], CommandType='Text', CommandTimeout='30']
SELECT COUNT(*)
FROM "vereine" AS "v"
WHERE "v"."updated_at_utc" > @__lastSyncUtc_0
2026-07-13 18:03:11.6029|INFO|Microsoft.EntityFrameworkCore.Database.Command|Executed DbCommand (0ms) [Parameters=[@__lastSyncUtc_0='?' (DbType = DateTime)], CommandType='Text', CommandTimeout='30']
SELECT COUNT(*)
FROM "wetter" AS "w"
WHERE "w"."updated_at_utc" > @__lastSyncUtc_0
2026-07-13 18:03:11.6029|INFO|Microsoft.EntityFrameworkCore.Database.Command|Executed DbCommand (0ms) [Parameters=[@__lastSyncUtc_0='?' (DbType = DateTime)], CommandType='Text', CommandTimeout='30']
SELECT COUNT(*)
FROM "fahrer" AS "f"
WHERE "f"."updated_at_utc" > @__lastSyncUtc_0
2026-07-13 18:03:11.6029|INFO|Microsoft.EntityFrameworkCore.Database.Command|Executed DbCommand (0ms) [Parameters=[@__lastSyncUtc_0='?' (DbType = DateTime)], CommandType='Text', CommandTimeout='30']
SELECT COUNT(*)
FROM "training" AS "t"
WHERE "t"."updated_at_utc" > @__lastSyncUtc_0
2026-07-13 18:03:11.6029|INFO|Microsoft.EntityFrameworkCore.Database.Command|Executed DbCommand (0ms) [Parameters=[@__lastSyncUtc_0='?' (DbType = DateTime)], CommandType='Text', CommandTimeout='30']
SELECT COUNT(*)
FROM "karts" AS "k"
WHERE "k"."updated_at_utc" > @__lastSyncUtc_0
2026-07-13 18:03:11.6029|INFO|Microsoft.EntityFrameworkCore.Database.Command|Executed DbCommand (0ms) [Parameters=[@__lastSyncUtc_0='?' (DbType = DateTime)], CommandType='Text', CommandTimeout='30']
SELECT COUNT(*)
FROM "tstints" AS "t"
WHERE "t"."updated_at_utc" > @__lastSyncUtc_0
2026-07-13 18:03:11.6029|INFO|Microsoft.EntityFrameworkCore.Database.Command|Executed DbCommand (0ms) [Parameters=[@__lastSyncUtc_0='?' (DbType = DateTime)], CommandType='Text', CommandTimeout='30']
SELECT COUNT(*)
FROM "fahrer_im_training" AS "f"
WHERE "f"."updated_at_utc" > @__lastSyncUtc_0
2026-07-13 18:03:11.6029|INFO|Microsoft.EntityFrameworkCore.Database.Command|Executed DbCommand (0ms) [Parameters=[@__lastSyncUtc_0='?' (DbType = DateTime)], CommandType='Text', CommandTimeout='30']
SELECT COUNT(*)
FROM "trunden" AS "t"
WHERE "t"."updated_at_utc" > @__lastSyncUtc_0
2026-07-13 18:03:11.6798|INFO|Microsoft.EntityFrameworkCore.Database.Command|Executed DbCommand (48ms) [Parameters=[@__lastSyncUtc_0='?' (DbType = DateTime)], CommandType='Text', CommandTimeout='30']
SELECT COUNT(*)
FROM `disziplin` AS `d`
WHERE `d`.`updated_at_utc` > @__lastSyncUtc_0
2026-07-13 18:03:11.7773|INFO|Microsoft.EntityFrameworkCore.Database.Command|Executed DbCommand (63ms) [Parameters=[@__lastSyncUtc_0='?' (DbType = DateTime)], CommandType='Text', CommandTimeout='30']
SELECT COUNT(*)
FROM `vereine` AS `v`
WHERE `v`.`updated_at_utc` > @__lastSyncUtc_0
2026-07-13 18:03:11.8711|INFO|Microsoft.EntityFrameworkCore.Database.Command|Executed DbCommand (39ms) [Parameters=[@__lastSyncUtc_0='?' (DbType = DateTime)], CommandType='Text', CommandTimeout='30']
SELECT COUNT(*)
FROM `wetter` AS `w`
WHERE `w`.`updated_at_utc` > @__lastSyncUtc_0
2026-07-13 18:03:11.9512|INFO|Microsoft.EntityFrameworkCore.Database.Command|Executed DbCommand (38ms) [Parameters=[@__lastSyncUtc_0='?' (DbType = DateTime)], CommandType='Text', CommandTimeout='30']
SELECT COUNT(*)
FROM `fahrer` AS `f`
WHERE `f`.`updated_at_utc` > @__lastSyncUtc_0
2026-07-13 18:03:12.0052|INFO|Microsoft.EntityFrameworkCore.Database.Command|Executed DbCommand (27ms) [Parameters=[@__lastSyncUtc_0='?' (DbType = DateTime)], CommandType='Text', CommandTimeout='30']
SELECT COUNT(*)
FROM `training` AS `t`
WHERE `t`.`updated_at_utc` > @__lastSyncUtc_0
2026-07-13 18:03:12.0568|INFO|Microsoft.EntityFrameworkCore.Database.Command|Executed DbCommand (26ms) [Parameters=[@__lastSyncUtc_0='?' (DbType = DateTime)], CommandType='Text', CommandTimeout='30']
SELECT COUNT(*)
FROM `karts` AS `k`
WHERE `k`.`updated_at_utc` > @__lastSyncUtc_0
2026-07-13 18:03:12.1142|INFO|Microsoft.EntityFrameworkCore.Database.Command|Executed DbCommand (29ms) [Parameters=[@__lastSyncUtc_0='?' (DbType = DateTime)], CommandType='Text', CommandTimeout='30']
SELECT COUNT(*)
FROM `tstints` AS `t`
WHERE `t`.`updated_at_utc` > @__lastSyncUtc_0
2026-07-13 18:03:12.2095|INFO|Microsoft.EntityFrameworkCore.Database.Command|Executed DbCommand (64ms) [Parameters=[@__lastSyncUtc_0='?' (DbType = DateTime)], CommandType='Text', CommandTimeout='30']
SELECT COUNT(*)
FROM `fahrer_im_training` AS `f`
WHERE `f`.`updated_at_utc` > @__lastSyncUtc_0
2026-07-13 18:03:12.2797|INFO|Microsoft.EntityFrameworkCore.Database.Command|Executed DbCommand (42ms) [Parameters=[@__lastSyncUtc_0='?' (DbType = DateTime)], CommandType='Text', CommandTimeout='30']
SELECT COUNT(*)
FROM `trunden` AS `t`
WHERE `t`.`updated_at_utc` > @__lastSyncUtc_0
2026-07-13 18:03:12.2797|INFO|Microsoft.EntityFrameworkCore.Database.Command|Executed DbCommand (0ms) [Parameters=[], CommandType='Text', CommandTimeout='30']
SELECT "d"."id"
FROM "disziplin" AS "d"
2026-07-13 18:03:12.3445|INFO|Microsoft.EntityFrameworkCore.Database.Command|Executed DbCommand (32ms) [Parameters=[], CommandType='Text', CommandTimeout='30']
SELECT `d`.`id`
FROM `disziplin` AS `d`
2026-07-13 18:03:12.3445|INFO|Microsoft.EntityFrameworkCore.Database.Command|Executed DbCommand (0ms) [Parameters=[], CommandType='Text', CommandTimeout='30']
SELECT "v"."id"
FROM "vereine" AS "v"
2026-07-13 18:03:12.4025|INFO|Microsoft.EntityFrameworkCore.Database.Command|Executed DbCommand (28ms) [Parameters=[], CommandType='Text', CommandTimeout='30']
SELECT `v`.`id`
FROM `vereine` AS `v`
2026-07-13 18:03:12.4025|INFO|Microsoft.EntityFrameworkCore.Database.Command|Executed DbCommand (0ms) [Parameters=[], CommandType='Text', CommandTimeout='30']
SELECT "w"."id"
FROM "wetter" AS "w"
2026-07-13 18:03:12.4972|INFO|Microsoft.EntityFrameworkCore.Database.Command|Executed DbCommand (42ms) [Parameters=[], CommandType='Text', CommandTimeout='30']
SELECT `w`.`id`
FROM `wetter` AS `w`
2026-07-13 18:03:12.4972|INFO|Microsoft.EntityFrameworkCore.Database.Command|Executed DbCommand (0ms) [Parameters=[], CommandType='Text', CommandTimeout='30']
SELECT "f"."id"
FROM "fahrer" AS "f"
2026-07-13 18:03:12.5604|INFO|Microsoft.EntityFrameworkCore.Database.Command|Executed DbCommand (29ms) [Parameters=[], CommandType='Text', CommandTimeout='30']
SELECT `f`.`id`
FROM `fahrer` AS `f`
2026-07-13 18:03:12.5604|INFO|Microsoft.EntityFrameworkCore.Database.Command|Executed DbCommand (0ms) [Parameters=[], CommandType='Text', CommandTimeout='30']
SELECT "t"."id"
FROM "training" AS "t"
2026-07-13 18:03:12.6403|INFO|Microsoft.EntityFrameworkCore.Database.Command|Executed DbCommand (44ms) [Parameters=[], CommandType='Text', CommandTimeout='30']
SELECT `t`.`id`
FROM `training` AS `t`
2026-07-13 18:03:12.6403|INFO|Microsoft.EntityFrameworkCore.Database.Command|Executed DbCommand (0ms) [Parameters=[], CommandType='Text', CommandTimeout='30']
SELECT "k"."id"
FROM "karts" AS "k"
2026-07-13 18:03:12.7162|INFO|Microsoft.EntityFrameworkCore.Database.Command|Executed DbCommand (44ms) [Parameters=[], CommandType='Text', CommandTimeout='30']
SELECT `k`.`id`
FROM `karts` AS `k`
2026-07-13 18:03:12.7162|INFO|Microsoft.EntityFrameworkCore.Database.Command|Executed DbCommand (0ms) [Parameters=[], CommandType='Text', CommandTimeout='30']
SELECT "t"."id"
FROM "tstints" AS "t"
2026-07-13 18:03:12.8081|INFO|Microsoft.EntityFrameworkCore.Database.Command|Executed DbCommand (60ms) [Parameters=[], CommandType='Text', CommandTimeout='30']
SELECT `t`.`id`
FROM `tstints` AS `t`
2026-07-13 18:03:12.8081|INFO|Microsoft.EntityFrameworkCore.Database.Command|Executed DbCommand (0ms) [Parameters=[], CommandType='Text', CommandTimeout='30']
SELECT "t"."id"
FROM "trunden" AS "t"
2026-07-13 18:03:12.8722|INFO|Microsoft.EntityFrameworkCore.Database.Command|Executed DbCommand (27ms) [Parameters=[], CommandType='Text', CommandTimeout='30']
SELECT `t`.`id`
FROM `trunden` AS `t`
2026-07-13 18:03:12.8722|INFO|Microsoft.EntityFrameworkCore.Database.Command|Executed DbCommand (0ms) [Parameters=[], CommandType='Text', CommandTimeout='30']
SELECT "f"."fk_id_training" AS "TrainingId", "f"."fk_id_fahrer" AS "FahrerId"
FROM "fahrer_im_training" AS "f"
2026-07-13 18:03:12.9544|INFO|Microsoft.EntityFrameworkCore.Database.Command|Executed DbCommand (28ms) [Parameters=[], CommandType='Text', CommandTimeout='30']
SELECT `f`.`fk_id_training` AS `TrainingId`, `f`.`fk_id_fahrer` AS `FahrerId`
FROM `fahrer_im_training` AS `f`
2026-07-13 18:03:13.4230|INFO|Microsoft.EntityFrameworkCore.Database.Command|Executed DbCommand (1ms) [Parameters=[], CommandType='Text', CommandTimeout='30']
SELECT "t"."id", "t"."fk_id_verein", "t"."fk_id_disziplin", "t"."fk_id_wetter", "t"."name", "t"."beschreibung", "t"."zeitpunkt", "t"."training_abgeschlossen", CASE
    WHEN "t"."training_abgeschlossen" THEN 'Ja'
    ELSE 'Nein'
END, "t0"."vereinsname", "t1"."disziplin", "t2"."wetter"
FROM "training" AS "t"
INNER JOIN (
    SELECT "v"."id", "v"."vereinsname"
    FROM "vereine" AS "v"
    WHERE NOT ("v"."is_deleted")
) AS "t0" ON "t"."fk_id_verein" = "t0"."id"
INNER JOIN (
    SELECT "d"."id", "d"."disziplin"
    FROM "disziplin" AS "d"
    WHERE NOT ("d"."is_deleted")
) AS "t1" ON "t"."fk_id_disziplin" = "t1"."id"
INNER JOIN (
    SELECT "w"."id", "w"."wetter"
    FROM "wetter" AS "w"
    WHERE NOT ("w"."is_deleted")
) AS "t2" ON "t"."fk_id_wetter" = "t2"."id"
WHERE NOT ("t"."is_deleted")
ORDER BY "t"."zeitpunkt" DESC, "t"."name"
2026-07-13 18:03:16.0022|INFO|Microsoft.EntityFrameworkCore.Database.Command|Executed DbCommand (1ms) [Parameters=[], CommandType='Text', CommandTimeout='30']
SELECT "t"."id", "t"."fk_id_verein", "t"."fk_id_disziplin", "t"."fk_id_wetter", "t"."name", "t"."beschreibung", "t"."zeitpunkt", "t"."training_abgeschlossen", CASE
    WHEN "t"."training_abgeschlossen" THEN 'Ja'
    ELSE 'Nein'
END, "t0"."vereinsname", "t1"."disziplin", "t2"."wetter"
FROM "training" AS "t"
INNER JOIN (
    SELECT "v"."id", "v"."vereinsname"
    FROM "vereine" AS "v"
    WHERE NOT ("v"."is_deleted")
) AS "t0" ON "t"."fk_id_verein" = "t0"."id"
INNER JOIN (
    SELECT "d"."id", "d"."disziplin"
    FROM "disziplin" AS "d"
    WHERE NOT ("d"."is_deleted")
) AS "t1" ON "t"."fk_id_disziplin" = "t1"."id"
INNER JOIN (
    SELECT "w"."id", "w"."wetter"
    FROM "wetter" AS "w"
    WHERE NOT ("w"."is_deleted")
) AS "t2" ON "t"."fk_id_wetter" = "t2"."id"
WHERE NOT ("t"."is_deleted")
ORDER BY "t"."zeitpunkt" DESC, "t"."name"
2026-07-13 18:03:29.9169|INFO|Microsoft.EntityFrameworkCore.Database.Command|Executed DbCommand (0ms) [Parameters=[], CommandType='Text', CommandTimeout='30']
SELECT "v"."id" AS "Id", "v"."vereinsname" AS "Name"
FROM "vereine" AS "v"
WHERE NOT ("v"."is_deleted")
ORDER BY "v"."vereinsname"
2026-07-13 18:03:29.9169|INFO|Microsoft.EntityFrameworkCore.Database.Command|Executed DbCommand (0ms) [Parameters=[], CommandType='Text', CommandTimeout='30']
SELECT "d"."id" AS "Id", "d"."disziplin" AS "Name"
FROM "disziplin" AS "d"
WHERE NOT ("d"."is_deleted")
ORDER BY "d"."disziplin"
2026-07-13 18:03:29.9169|INFO|Microsoft.EntityFrameworkCore.Database.Command|Executed DbCommand (0ms) [Parameters=[], CommandType='Text', CommandTimeout='30']
SELECT "w"."id" AS "Id", "w"."wetter" AS "Name"
FROM "wetter" AS "w"
WHERE NOT ("w"."is_deleted")
ORDER BY "w"."wetter"
2026-07-13 18:03:29.9169|INFO|Microsoft.EntityFrameworkCore.Database.Command|Executed DbCommand (0ms) [Parameters=[], CommandType='Text', CommandTimeout='30']
SELECT "k"."id", "k"."Name" IS NULL OR trim("k"."Name") = '', "k"."Name"
FROM "karts" AS "k"
WHERE NOT ("k"."is_deleted")
ORDER BY "k"."Name", "k"."id"
2026-07-13 18:03:29.9169|INFO|Microsoft.EntityFrameworkCore.Database.Command|Executed DbCommand (0ms) [Parameters=[@__trainingId_0='?' (DbType = Int32)], CommandType='Text', CommandTimeout='30']
SELECT "t"."id", "t"."beschreibung", "t"."deleted_at_utc", "t"."fk_id_disziplin", "t"."is_deleted", "t"."name", "t"."training_abgeschlossen", "t"."updated_at_utc", "t"."fk_id_verein", "t"."fk_id_wetter", "t"."zeitpunkt"
FROM "training" AS "t"
WHERE NOT ("t"."is_deleted") AND "t"."id" = @__trainingId_0
LIMIT 1
2026-07-13 18:03:35.0611|INFO|Microsoft.EntityFrameworkCore.Database.Command|Executed DbCommand (0ms) [Parameters=[@___editTrainingId_Value_0='?' (DbType = Int32)], CommandType='Text', CommandTimeout='30']
SELECT "t"."id", "t"."beschreibung", "t"."deleted_at_utc", "t"."fk_id_disziplin", "t"."is_deleted", "t"."name", "t"."training_abgeschlossen", "t"."updated_at_utc", "t"."fk_id_verein", "t"."fk_id_wetter", "t"."zeitpunkt"
FROM "training" AS "t"
WHERE NOT ("t"."is_deleted") AND "t"."id" = @___editTrainingId_Value_0
LIMIT 1
2026-07-13 18:03:35.0611|INFO|Microsoft.EntityFrameworkCore.Database.Command|Executed DbCommand (4ms) [Parameters=[@p2='?' (DbType = Int32), @p0='?' (DbType = Boolean), @p1='?' (DbType = DateTime)], CommandType='Text', CommandTimeout='30']
UPDATE "training" SET "training_abgeschlossen" = @p0, "updated_at_utc" = @p1
WHERE "id" = @p2
RETURNING 1;
2026-07-13 18:03:35.0611|INFO|Microsoft.EntityFrameworkCore.Database.Command|Executed DbCommand (0ms) [Parameters=[], CommandType='Text', CommandTimeout='30']
SELECT "t"."id", "t"."fk_id_verein", "t"."fk_id_disziplin", "t"."fk_id_wetter", "t"."name", "t"."beschreibung", "t"."zeitpunkt", "t"."training_abgeschlossen", CASE
    WHEN "t"."training_abgeschlossen" THEN 'Ja'
    ELSE 'Nein'
END, "t0"."vereinsname", "t1"."disziplin", "t2"."wetter"
FROM "training" AS "t"
INNER JOIN (
    SELECT "v"."id", "v"."vereinsname"
    FROM "vereine" AS "v"
    WHERE NOT ("v"."is_deleted")
) AS "t0" ON "t"."fk_id_verein" = "t0"."id"
INNER JOIN (
    SELECT "d"."id", "d"."disziplin"
    FROM "disziplin" AS "d"
    WHERE NOT ("d"."is_deleted")
) AS "t1" ON "t"."fk_id_disziplin" = "t1"."id"
INNER JOIN (
    SELECT "w"."id", "w"."wetter"
    FROM "wetter" AS "w"
    WHERE NOT ("w"."is_deleted")
) AS "t2" ON "t"."fk_id_wetter" = "t2"."id"
WHERE NOT ("t"."is_deleted")
ORDER BY "t"."zeitpunkt" DESC, "t"."name"
2026-07-13 18:03:35.2914|INFO|Microsoft.EntityFrameworkCore.Database.Command|Executed DbCommand (0ms) [Parameters=[], CommandType='Text', CommandTimeout='30']
SELECT "s"."id", "s"."last_sync_utc"
FROM "sync_state" AS "s"
WHERE "s"."id" = 'global'
LIMIT 1
2026-07-13 18:03:35.3531|INFO|Microsoft.EntityFrameworkCore.Database.Command|Executed DbCommand (26ms) [Parameters=[], CommandType='Text', CommandTimeout='30']
SELECT `s`.`id`, `s`.`last_sync_utc`
FROM `sync_state` AS `s`
WHERE `s`.`id` = 'global'
LIMIT 1
2026-07-13 18:03:35.3539|INFO|Microsoft.EntityFrameworkCore.Database.Command|Executed DbCommand (0ms) [Parameters=[@__lastSyncUtc_0='?' (DbType = DateTime)], CommandType='Text', CommandTimeout='30']
SELECT COUNT(*)
FROM "disziplin" AS "d"
WHERE "d"."updated_at_utc" > @__lastSyncUtc_0
2026-07-13 18:03:35.3539|INFO|Microsoft.EntityFrameworkCore.Database.Command|Executed DbCommand (0ms) [Parameters=[@__lastSyncUtc_0='?' (DbType = DateTime)], CommandType='Text', CommandTimeout='30']
SELECT COUNT(*)
FROM "vereine" AS "v"
WHERE "v"."updated_at_utc" > @__lastSyncUtc_0
2026-07-13 18:03:35.3539|INFO|Microsoft.EntityFrameworkCore.Database.Command|Executed DbCommand (0ms) [Parameters=[@__lastSyncUtc_0='?' (DbType = DateTime)], CommandType='Text', CommandTimeout='30']
SELECT COUNT(*)
FROM "wetter" AS "w"
WHERE "w"."updated_at_utc" > @__lastSyncUtc_0
2026-07-13 18:03:35.3539|INFO|Microsoft.EntityFrameworkCore.Database.Command|Executed DbCommand (0ms) [Parameters=[@__lastSyncUtc_0='?' (DbType = DateTime)], CommandType='Text', CommandTimeout='30']
SELECT COUNT(*)
FROM "fahrer" AS "f"
WHERE "f"."updated_at_utc" > @__lastSyncUtc_0
2026-07-13 18:03:35.3539|INFO|Microsoft.EntityFrameworkCore.Database.Command|Executed DbCommand (0ms) [Parameters=[@__lastSyncUtc_0='?' (DbType = DateTime)], CommandType='Text', CommandTimeout='30']
SELECT COUNT(*)
FROM "training" AS "t"
WHERE "t"."updated_at_utc" > @__lastSyncUtc_0
2026-07-13 18:03:35.3539|INFO|Microsoft.EntityFrameworkCore.Database.Command|Executed DbCommand (0ms) [Parameters=[@__lastSyncUtc_0='?' (DbType = DateTime)], CommandType='Text', CommandTimeout='30']
SELECT COUNT(*)
FROM "karts" AS "k"
WHERE "k"."updated_at_utc" > @__lastSyncUtc_0
2026-07-13 18:03:35.3539|INFO|Microsoft.EntityFrameworkCore.Database.Command|Executed DbCommand (0ms) [Parameters=[@__lastSyncUtc_0='?' (DbType = DateTime)], CommandType='Text', CommandTimeout='30']
SELECT COUNT(*)
FROM "tstints" AS "t"
WHERE "t"."updated_at_utc" > @__lastSyncUtc_0
2026-07-13 18:03:35.3539|INFO|Microsoft.EntityFrameworkCore.Database.Command|Executed DbCommand (0ms) [Parameters=[@__lastSyncUtc_0='?' (DbType = DateTime)], CommandType='Text', CommandTimeout='30']
SELECT COUNT(*)
FROM "fahrer_im_training" AS "f"
WHERE "f"."updated_at_utc" > @__lastSyncUtc_0
2026-07-13 18:03:35.3539|INFO|Microsoft.EntityFrameworkCore.Database.Command|Executed DbCommand (0ms) [Parameters=[@__lastSyncUtc_0='?' (DbType = DateTime)], CommandType='Text', CommandTimeout='30']
SELECT COUNT(*)
FROM "trunden" AS "t"
WHERE "t"."updated_at_utc" > @__lastSyncUtc_0
2026-07-13 18:03:35.4119|INFO|Microsoft.EntityFrameworkCore.Database.Command|Executed DbCommand (28ms) [Parameters=[@__lastSyncUtc_0='?' (DbType = DateTime)], CommandType='Text', CommandTimeout='30']
SELECT COUNT(*)
FROM `disziplin` AS `d`
WHERE `d`.`updated_at_utc` > @__lastSyncUtc_0
2026-07-13 18:03:35.4835|INFO|Microsoft.EntityFrameworkCore.Database.Command|Executed DbCommand (33ms) [Parameters=[@__lastSyncUtc_0='?' (DbType = DateTime)], CommandType='Text', CommandTimeout='30']
SELECT COUNT(*)
FROM `vereine` AS `v`
WHERE `v`.`updated_at_utc` > @__lastSyncUtc_0
2026-07-13 18:03:35.5460|INFO|Microsoft.EntityFrameworkCore.Database.Command|Executed DbCommand (26ms) [Parameters=[@__lastSyncUtc_0='?' (DbType = DateTime)], CommandType='Text', CommandTimeout='30']
SELECT COUNT(*)
FROM `wetter` AS `w`
WHERE `w`.`updated_at_utc` > @__lastSyncUtc_0
2026-07-13 18:03:35.6098|INFO|Microsoft.EntityFrameworkCore.Database.Command|Executed DbCommand (26ms) [Parameters=[@__lastSyncUtc_0='?' (DbType = DateTime)], CommandType='Text', CommandTimeout='30']
SELECT COUNT(*)
FROM `fahrer` AS `f`
WHERE `f`.`updated_at_utc` > @__lastSyncUtc_0
2026-07-13 18:03:35.6610|INFO|Microsoft.EntityFrameworkCore.Database.Command|Executed DbCommand (25ms) [Parameters=[@__lastSyncUtc_0='?' (DbType = DateTime)], CommandType='Text', CommandTimeout='30']
SELECT COUNT(*)
FROM `training` AS `t`
WHERE `t`.`updated_at_utc` > @__lastSyncUtc_0
2026-07-13 18:03:35.7570|INFO|Microsoft.EntityFrameworkCore.Database.Command|Executed DbCommand (28ms) [Parameters=[@__lastSyncUtc_0='?' (DbType = DateTime)], CommandType='Text', CommandTimeout='30']
SELECT COUNT(*)
FROM `karts` AS `k`
WHERE `k`.`updated_at_utc` > @__lastSyncUtc_0
2026-07-13 18:03:35.8139|INFO|Microsoft.EntityFrameworkCore.Database.Command|Executed DbCommand (30ms) [Parameters=[@__lastSyncUtc_0='?' (DbType = DateTime)], CommandType='Text', CommandTimeout='30']
SELECT COUNT(*)
FROM `tstints` AS `t`
WHERE `t`.`updated_at_utc` > @__lastSyncUtc_0
2026-07-13 18:03:35.8838|INFO|Microsoft.EntityFrameworkCore.Database.Command|Executed DbCommand (43ms) [Parameters=[@__lastSyncUtc_0='?' (DbType = DateTime)], CommandType='Text', CommandTimeout='30']
SELECT COUNT(*)
FROM `fahrer_im_training` AS `f`
WHERE `f`.`updated_at_utc` > @__lastSyncUtc_0
2026-07-13 18:03:35.9592|INFO|Microsoft.EntityFrameworkCore.Database.Command|Executed DbCommand (47ms) [Parameters=[@__lastSyncUtc_0='?' (DbType = DateTime)], CommandType='Text', CommandTimeout='30']
SELECT COUNT(*)
FROM `trunden` AS `t`
WHERE `t`.`updated_at_utc` > @__lastSyncUtc_0
2026-07-13 18:03:36.5149|INFO|Microsoft.EntityFrameworkCore.Database.Command|Executed DbCommand (0ms) [Parameters=[@__trainingId_0='?' (DbType = Int32)], CommandType='Text', CommandTimeout='30']
SELECT "t"."id", "t"."beschreibung", "t"."deleted_at_utc", "t"."fk_id_disziplin", "t"."is_deleted", "t"."name", "t"."training_abgeschlossen", "t"."updated_at_utc", "t"."fk_id_verein", "t"."fk_id_wetter", "t"."zeitpunkt", "t0"."id", "t0"."deleted_at_utc", "t0"."is_deleted", "t0"."mitglieds_nummer", "t0"."updated_at_utc", "t0"."vereinsname", "t1"."id", "t1"."deleted_at_utc", "t1"."is_deleted", "t1"."disziplin", "t1"."updated_at_utc", "t1"."pf", "t1"."tf", "t2"."id", "t2"."wetter", "t2"."deleted_at_utc", "t2"."is_deleted", "t2"."updated_at_utc"
FROM "training" AS "t"
INNER JOIN (
    SELECT "v"."id", "v"."deleted_at_utc", "v"."is_deleted", "v"."mitglieds_nummer", "v"."updated_at_utc", "v"."vereinsname"
    FROM "vereine" AS "v"
    WHERE NOT ("v"."is_deleted")
) AS "t0" ON "t"."fk_id_verein" = "t0"."id"
INNER JOIN (
    SELECT "d"."id", "d"."deleted_at_utc", "d"."is_deleted", "d"."disziplin", "d"."updated_at_utc", "d"."pf", "d"."tf"
    FROM "disziplin" AS "d"
    WHERE NOT ("d"."is_deleted")
) AS "t1" ON "t"."fk_id_disziplin" = "t1"."id"
INNER JOIN (
    SELECT "w"."id", "w"."wetter", "w"."deleted_at_utc", "w"."is_deleted", "w"."updated_at_utc"
    FROM "wetter" AS "w"
    WHERE NOT ("w"."is_deleted")
) AS "t2" ON "t"."fk_id_wetter" = "t2"."id"
WHERE NOT ("t"."is_deleted") AND "t"."id" = @__trainingId_0
LIMIT 1
2026-07-13 18:03:36.5250|INFO|Microsoft.EntityFrameworkCore.Database.Command|Executed DbCommand (0ms) [Parameters=[@__trainingId_0='?' (DbType = Int32)], CommandType='Text', CommandTimeout='30']
SELECT "f"."fk_id_fahrer" AS "FahrerId", "f"."reihenfolge" AS "Reihenfolge", "t"."vorname" AS "Vorname", COALESCE("t"."nachname", '') AS "Nachname", "t0"."vereinsname" AS "VereinName"
FROM "fahrer_im_training" AS "f"
INNER JOIN (
    SELECT "f0"."id", "f0"."nachname", "f0"."fk_id_verein", "f0"."vorname"
    FROM "fahrer" AS "f0"
    WHERE NOT ("f0"."is_deleted")
) AS "t" ON "f"."fk_id_fahrer" = "t"."id"
INNER JOIN (
    SELECT "v"."id", "v"."vereinsname"
    FROM "vereine" AS "v"
    WHERE NOT ("v"."is_deleted")
) AS "t0" ON "t"."fk_id_verein" = "t0"."id"
WHERE NOT ("f"."is_deleted") AND "f"."fk_id_training" = @__trainingId_0
ORDER BY "f"."reihenfolge", "t"."vorname", "t"."nachname"
2026-07-13 18:03:36.5250|INFO|Microsoft.EntityFrameworkCore.Database.Command|Executed DbCommand (0ms) [Parameters=[@__trainingId_0='?' (DbType = Int32)], CommandType='Text', CommandTimeout='30']
SELECT "t0"."tf" AS "Torfehler", "t0"."pf" AS "Pylonenfehler"
FROM "training" AS "t"
INNER JOIN (
    SELECT "d"."id", "d"."pf", "d"."tf"
    FROM "disziplin" AS "d"
    WHERE NOT ("d"."is_deleted")
) AS "t0" ON "t"."fk_id_disziplin" = "t0"."id"
WHERE NOT ("t"."is_deleted") AND "t"."id" = @__trainingId_0
LIMIT 1
2026-07-13 18:03:36.5250|INFO|Microsoft.EntityFrameworkCore.Database.Command|Executed DbCommand (0ms) [Parameters=[@__trainingId_0='?' (DbType = Int32)], CommandType='Text', CommandTimeout='30']
SELECT "t0"."fk_id_fahrer" AS "FahrerId", "t2"."vorname" AS "Vorname", COALESCE("t2"."nachname", '') AS "Nachname", "t3"."Name" AS "KartName", "t0"."datum" AS "Zeitpunkt", COALESCE("t"."runde", 0) AS "Runde", "t"."rundenzeit" AS "Rundenzeit", COALESCE("t"."pf", 0) AS "Pylonen", COALESCE("t"."tf", 0) AS "Tore", "t"."ungueltig" AS "Ungueltig"
FROM "trunden" AS "t"
LEFT JOIN (
    SELECT "t1"."id", "t1"."datum", "t1"."fk_id_fahrer", "t1"."fk_id_kart", "t1"."fk_id_training"
    FROM "tstints" AS "t1"
    WHERE NOT ("t1"."is_deleted")
) AS "t0" ON "t"."fk_id_tstint" = "t0"."id"
LEFT JOIN (
    SELECT "f"."id", "f"."nachname", "f"."vorname"
    FROM "fahrer" AS "f"
    WHERE NOT ("f"."is_deleted")
) AS "t2" ON "t0"."fk_id_fahrer" = "t2"."id"
LEFT JOIN (
    SELECT "k"."id", "k"."Name"
    FROM "karts" AS "k"
    WHERE NOT ("k"."is_deleted")
) AS "t3" ON "t0"."fk_id_kart" = "t3"."id"
WHERE NOT ("t"."is_deleted") AND "t0"."id" IS NOT NULL AND "t0"."fk_id_training" = @__trainingId_0
2026-07-13 18:03:52.3932|INFO|Microsoft.EntityFrameworkCore.Database.Command|Executed DbCommand (1ms) [Parameters=[], CommandType='Text', CommandTimeout='30']
SELECT "t"."id", "t"."fk_id_verein", "t"."fk_id_disziplin", "t"."fk_id_wetter", "t"."name", "t"."beschreibung", "t"."zeitpunkt", "t"."training_abgeschlossen", CASE
    WHEN "t"."training_abgeschlossen" THEN 'Ja'
    ELSE 'Nein'
END, "t0"."vereinsname", "t1"."disziplin", "t2"."wetter"
FROM "training" AS "t"
INNER JOIN (
    SELECT "v"."id", "v"."vereinsname"
    FROM "vereine" AS "v"
    WHERE NOT ("v"."is_deleted")
) AS "t0" ON "t"."fk_id_verein" = "t0"."id"
INNER JOIN (
    SELECT "d"."id", "d"."disziplin"
    FROM "disziplin" AS "d"
    WHERE NOT ("d"."is_deleted")
) AS "t1" ON "t"."fk_id_disziplin" = "t1"."id"
INNER JOIN (
    SELECT "w"."id", "w"."wetter"
    FROM "wetter" AS "w"
    WHERE NOT ("w"."is_deleted")
) AS "t2" ON "t"."fk_id_wetter" = "t2"."id"
WHERE NOT ("t"."is_deleted")
ORDER BY "t"."zeitpunkt" DESC, "t"."name"
